case_id,split,family,chain_limit,weight,budget,prefix_sum,final_cost,optimum_prefix_sum,total_recourse,max_request_recourse,cpu_seconds,wall_seconds
dev_pair,dev,paired,1,0,1,75,21,75,3,1,0.0,0.00031319999834522605
dev_pair,dev,paired,1,0,2,75,21,75,3,1,0.0,0.00028160000510979444
dev_pair,dev,paired,1,0,4,75,21,75,3,1,0.0,0.0002803999959724024
dev_pair,dev,paired,1,1/2,1,75,21,75,3,1,0.0,0.00013029999536229298
dev_pair,dev,paired,1,1/2,2,75,21,75,3,1,0.0,0.0001747999995131977
dev_pair,dev,paired,1,1/2,4,75,21,75,3,1,0.0,0.0001686000032350421
dev_pair,dev,paired,5,0,1,75,21,75,3,1,0.0,0.0002435000060359016
dev_pair,dev,paired,5,0,2,75,21,75,3,1,0.0,0.0039546999978483655
dev_pair,dev,paired,5,0,4,75,21,75,3,1,0.0,0.0036147999999229796
dev_pair,dev,paired,5,1/4,1,75,21,75,3,1,0.0,0.00022599999647354707
dev_pair,dev,paired,5,1/4,2,75,21,75,3,1,0.015625,0.004374999996798579
dev_pair,dev,paired,5,1/4,4,75,21,75,3,1,0.0,0.004530400001385715
dev_pair,dev,paired,5,1/2,1,75,21,75,3,1,0.0,0.0003728000010596588
dev_pair,dev,paired,5,1/2,2,75,21,75,3,1,0.0,0.003908799997589085
dev_pair,dev,paired,5,1/2,4,75,21,75,3,1,0.0,0.004136099996685516
dev_pair,dev,paired,5,1,1,129,39,75,0,0,0.015625,0.00467439999920316
dev_pair,dev,paired,5,1,2,75,21,75,3,1,0.0,0.004128500004298985
dev_pair,dev,paired,5,1,4,75,21,75,3,1,0.0,0.0037460999956238084
dev_uniform,dev,uniform,1,0,1,121,61,91,1,1,0.0,0.0001768000001902692
dev_uniform,dev,uniform,1,0,2,121,61,91,1,1,0.0,0.00016739999409765005
dev_uniform,dev,uniform,1,0,4,121,61,91,1,1,0.0,0.00016150000010384247
dev_uniform,dev,uniform,1,1/2,1,121,61,91,1,1,0.0,0.00017759999900590628
dev_uniform,dev,uniform,1,1/2,2,121,61,91,1,1,0.0,0.00014769999688724056
dev_uniform,dev,uniform,1,1/2,4,121,61,91,1,1,0.0,0.00015220000204863027
dev_uniform,dev,uniform,5,0,1,91,31,91,5,1,0.015625,0.003889200001140125
dev_uniform,dev,uniform,5,0,2,91,31,91,5,1,0.0,0.005883700003323611
dev_uniform,dev,uniform,5,0,4,91,31,91,5,1,0.0,0.004636300000129268
dev_uniform,dev,uniform,5,1/4,1,91,31,91,5,1,0.0,0.004326900001615286
dev_uniform,dev,uniform,5,1/4,2,91,31,91,5,1,0.015625,0.005522800005564932
dev_uniform,dev,uniform,5,1/4,4,91,31,91,5,1,0.0,0.004709699998784345
dev_uniform,dev,uniform,5,1/2,1,91,31,91,5,1,0.0,0.003985600000305567
dev_uniform,dev,uniform,5,1/2,2,91,31,91,5,1,0.015625,0.004262300004484132
dev_uniform,dev,uniform,5,1/2,4,91,31,91,5,1,0.0,0.005619199997454416
dev_uniform,dev,uniform,5,1,1,129,69,91,0,0,0.0,0.0040540999980294146
dev_uniform,dev,uniform,5,1,2,91,31,91,5,1,0.015625,0.003953100000217091
dev_uniform,dev,uniform,5,1,4,91,31,91,5,1,0.0,0.004810200000065379
dev_cluster,dev,clustered,1,0,1,23,8,21,1,1,0.0,0.00019240000256104395
dev_cluster,dev,clustered,1,0,2,23,8,21,1,1,0.0,0.00020990000484744087
dev_cluster,dev,clustered,1,0,4,23,8,21,1,1,0.0,0.00017099999968195334
dev_cluster,dev,clustered,1,1/2,1,23,8,21,1,1,0.0,0.0001674999948590994
dev_cluster,dev,clustered,1,1/2,2,23,8,21,1,1,0.0,0.0001660999987507239
dev_cluster,dev,clustered,1,1/2,4,23,8,21,1,1,0.0,0.00017049999587470666
dev_cluster,dev,clustered,5,0,1,21,6,21,2,1,0.0,0.005109199999424163
dev_cluster,dev,clustered,5,0,2,21,6,21,2,1,0.015625,0.005165099995792843
dev_cluster,dev,clustered,5,0,4,21,6,21,2,1,0.0,0.0041226999965147115
dev_cluster,dev,clustered,5,1/4,1,21,6,21,2,1,0.0,0.005647200006933417
dev_cluster,dev,clustered,5,1/4,2,21,6,21,2,1,0.015625,0.00397549999615876
dev_cluster,dev,clustered,5,1/4,4,21,6,21,2,1,0.0,0.003862400000798516
dev_cluster,dev,clustered,5,1/2,1,21,6,21,2,1,0.0,0.0049046999993151985
dev_cluster,dev,clustered,5,1/2,2,21,6,21,2,1,0.0,0.004274999999324791
dev_cluster,dev,clustered,5,1/2,4,21,6,21,2,1,0.015625,0.003973200000473298
dev_cluster,dev,clustered,5,1,1,21,6,21,2,1,0.0,0.0038328000009641983
dev_cluster,dev,clustered,5,1,2,21,6,21,2,1,0.0,0.004264799994416535
dev_cluster,dev,clustered,5,1,4,21,6,21,2,1,0.015625,0.004141400000662543
dev_alternate,dev,near_far,1,0,1,60,18,60,0,0,0.0,0.00018940000154543668
dev_alternate,dev,near_far,1,0,2,60,18,60,0,0,0.0,0.00015980000171111897
dev_alternate,dev,near_far,1,0,4,60,18,60,0,0,0.0,0.00018229999841423705
dev_alternate,dev,near_far,1,1/2,1,60,18,60,0,0,0.0,0.00020000000222353265
dev_alternate,dev,near_far,1,1/2,2,60,18,60,0,0,0.0,0.00018120000459020957
dev_alternate,dev,near_far,1,1/2,4,60,18,60,0,0,0.0,0.00015780000103404745
dev_alternate,dev,near_far,5,0,1,60,18,60,0,0,0.0,0.003633800006355159
dev_alternate,dev,near_far,5,0,2,60,18,60,0,0,0.0,0.003650200000265613
dev_alternate,dev,near_far,5,0,4,60,18,60,0,0,0.0,0.004780799994478002
dev_alternate,dev,near_far,5,1/4,1,60,18,60,0,0,0.015625,0.004271999998309184
dev_alternate,dev,near_far,5,1/4,2,60,18,60,0,0,0.0,0.003901799995219335
dev_alternate,dev,near_far,5,1/4,4,60,18,60,0,0,0.0,0.00449809999554418
dev_alternate,dev,near_far,5,1/2,1,60,18,60,0,0,0.015625,0.006527400000777561
dev_alternate,dev,near_far,5,1/2,2,60,18,60,0,0,0.0,0.0044320000015432015
dev_alternate,dev,near_far,5,1/2,4,60,18,60,0,0,0.0,0.004191799998807255
dev_alternate,dev,near_far,5,1,1,60,18,60,0,0,0.0,0.004560499997751322
dev_alternate,dev,near_far,5,1,2,60,18,60,0,0,0.015625,0.004119800003536511
dev_alternate,dev,near_far,5,1,4,60,18,60,0,0,0.0,0.0044463000012910925
dev_budget,dev,budget_lock,1,0,1,37,10,21,1,1,0.0,0.00012840000272262841
dev_budget,dev,budget_lock,1,0,2,21,6,21,2,2,0.0,0.00013469999976223335
dev_budget,dev,budget_lock,1,0,4,21,6,21,2,2,0.0,0.0001511999944341369
dev_budget,dev,budget_lock,1,1/2,1,22,6,21,0,0,0.0,0.00014940000255592167
dev_budget,dev,budget_lock,1,1/2,2,21,6,21,2,2,0.0,0.0001430000047548674
dev_budget,dev,budget_lock,1,1/2,4,21,6,21,2,2,0.0,0.00016480000340379775
dev_budget,dev,budget_lock,5,0,1,37,10,21,1,1,0.0,0.0007024000005912967
dev_budget,dev,budget_lock,5,0,2,21,6,21,2,2,0.0,0.0008241000032285228
dev_budget,dev,budget_lock,5,0,4,21,6,21,2,2,0.015625,0.00477110000065295
dev_budget,dev,budget_lock,5,1/4,1,37,10,21,1,1,0.0,0.0008080999978119507
dev_budget,dev,budget_lock,5,1/4,2,21,6,21,3,2,0.0,0.0011847999994643033
dev_budget,dev,budget_lock,5,1/4,4,21,6,21,3,2,0.0,0.004399500001454726
dev_budget,dev,budget_lock,5,1/2,1,22,6,21,0,0,0.0,0.003993700003775302
dev_budget,dev,budget_lock,5,1/2,2,21,6,21,3,2,0.0,0.0008116000026348047
dev_budget,dev,budget_lock,5,1/2,4,21,6,21,3,2,0.015625,0.004351600000518374
dev_budget,dev,budget_lock,5,1,1,22,6,21,0,0,0.0,0.004446099999768194
dev_budget,dev,budget_lock,5,1,2,22,6,21,0,0,0.0,0.003739699997822754
dev_budget,dev,budget_lock,5,1,4,21,6,21,3,2,0.0,0.003818899996986147
dev_nested,dev,nested,1,0,1,147,130,147,1,1,0.0,0.00016950000281212851
dev_nested,dev,nested,1,0,2,147,130,147,1,1,0.0,0.00015159999747993425
dev_nested,dev,nested,1,0,4,147,130,147,1,1,0.015625,0.00022360000002663583
dev_nested,dev,nested,1,1/2,1,151,134,147,0,0,0.0,0.00016390000382671133
dev_nested,dev,nested,1,1/2,2,151,134,147,0,0,0.0,0.0001523000028100796
dev_nested,dev,nested,1,1/2,4,151,134,147,0,0,0.0,0.00017939999816007912
dev_nested,dev,nested,5,0,1,147,130,147,1,1,0.0,0.004530699996394105
dev_nested,dev,nested,5,0,2,147,130,147,1,1,0.0,0.004466200000024401
dev_nested,dev,nested,5,0,4,147,130,147,1,1,0.0,0.0036968999993405305
dev_nested,dev,nested,5,1/4,1,151,134,147,0,0,0.015625,0.003782599997066427
dev_nested,dev,nested,5,1/4,2,151,134,147,0,0,0.0,0.004931399998895358
dev_nested,dev,nested,5,1/4,4,151,134,147,0,0,0.0,0.0038618000035057776
dev_nested,dev,nested,5,1/2,1,151,134,147,0,0,0.0,0.003547400003299117
dev_nested,dev,nested,5,1/2,2,151,134,147,0,0,0.015625,0.0035978000014438294
dev_nested,dev,nested,5,1/2,4,151,134,147,0,0,0.0,0.004368299996713176
dev_nested,dev,nested,5,1,1,151,134,147,0,0,0.0,0.004569600001559593
dev_nested,dev,nested,5,1,2,151,134,147,0,0,0.0,0.003695200000947807
dev_nested,dev,nested,5,1,4,151,134,147,0,0,0.015625,0.0038372999988496304
uniform_01,eval,uniform,1,0,1,63,18,63,0,0,0.0,0.00016509999841218814
uniform_01,eval,uniform,1,0,2,63,18,63,0,0,0.0,0.0001551000023027882
uniform_01,eval,uniform,1,0,4,63,18,63,0,0,0.0,0.00015809999604243785
uniform_01,eval,uniform,1,1/2,1,63,18,63,0,0,0.0,0.0001816000003600493
uniform_01,eval,uniform,1,1/2,2,63,18,63,0,0,0.0,0.00015839999832678586
uniform_01,eval,uniform,1,1/2,4,63,18,63,0,0,0.0,0.0001621000046725385
uniform_01,eval,uniform,5,0,1,63,18,63,0,0,0.0,0.004886999995505903
uniform_01,eval,uniform,5,0,2,63,18,63,0,0,0.0,0.004298899999412242
uniform_01,eval,uniform,5,0,4,63,18,63,0,0,0.015625,0.004004299997177441
uniform_01,eval,uniform,5,1/2,1,63,18,63,0,0,0.0,0.005048500002885703
uniform_01,eval,uniform,5,1/2,2,63,18,63,0,0,0.0,0.004527700002654456
uniform_01,eval,uniform,5,1/2,4,63,18,63,0,0,0.0,0.004230499995173886
uniform_02,eval,uniform,1,0,1,63,18,63,0,0,0.0,0.00022449999960372224
uniform_02,eval,uniform,1,0,2,63,18,63,0,0,0.0,0.0001751000017975457
uniform_02,eval,uniform,1,0,4,63,18,63,0,0,0.0,0.0001816000003600493
uniform_02,eval,uniform,1,1/2,1,63,18,63,0,0,0.0,0.00017439999646740034
uniform_02,eval,uniform,1,1/2,2,63,18,63,0,0,0.0,0.00017159999697469175
uniform_02,eval,uniform,1,1/2,4,63,18,63,0,0,0.0,0.00017560000560479239
uniform_02,eval,uniform,5,0,1,63,18,63,0,0,0.0,0.004086000000825152
uniform_02,eval,uniform,5,0,2,63,18,63,0,0,0.0,0.004757499998959247
uniform_02,eval,uniform,5,0,4,63,18,63,0,0,0.015625,0.004022399996756576
uniform_02,eval,uniform,5,1/2,1,63,18,63,0,0,0.0,0.004596099999616854
uniform_02,eval,uniform,5,1/2,2,63,18,63,0,0,0.0,0.003921399998944253
uniform_02,eval,uniform,5,1/2,4,63,18,63,0,0,0.015625,0.005840700003318489
uniform_03,eval,uniform,1,0,1,63,18,63,0,0,0.0,0.00017449999722884968
uniform_03,eval,uniform,1,0,2,63,18,63,0,0,0.0,0.0002103000006172806
uniform_03,eval,uniform,1,0,4,63,18,63,0,0,0.0,0.00016179999511223286
uniform_03,eval,uniform,1,1/2,1,63,18,63,0,0,0.0,0.0001677999971434474
uniform_03,eval,uniform,1,1/2,2,63,18,63,0,0,0.0,0.0001582000040798448
uniform_03,eval,uniform,1,1/2,4,63,18,63,0,0,0.0,0.00015410000196425244
uniform_03,eval,uniform,5,0,1,63,18,63,0,0,0.0,0.003787599998759106
uniform_03,eval,uniform,5,0,2,63,18,63,0,0,0.0,0.0038009999989299104
uniform_03,eval,uniform,5,0,4,63,18,63,0,0,0.0,0.004708399996161461
uniform_03,eval,uniform,5,1/2,1,63,18,63,0,0,0.015625,0.004194599998299964
uniform_03,eval,uniform,5,1/2,2,63,18,63,0,0,0.0,0.003953700004785787
uniform_03,eval,uniform,5,1/2,4,63,18,63,0,0,0.0,0.003910400002496317
uniform_04,eval,uniform,1,0,1,63,18,63,0,0,0.0,0.000298099999781698
uniform_04,eval,uniform,1,0,2,63,18,63,0,0,0.0,0.0001658000037423335
uniform_04,eval,uniform,1,0,4,63,18,63,0,0,0.0,0.00016360000154236332
uniform_04,eval,uniform,1,1/2,1,63,18,63,0,0,0.0,0.00016060000052675605
uniform_04,eval,uniform,1,1/2,2,63,18,63,0,0,0.0,0.00017179999849759042
uniform_04,eval,uniform,1,1/2,4,63,18,63,0,0,0.0,0.00016460000188089907
uniform_04,eval,uniform,5,0,1,63,18,63,0,0,0.015625,0.003966000003856607
uniform_04,eval,uniform,5,0,2,63,18,63,0,0,0.0,0.0037318999966373667
uniform_04,eval,uniform,5,0,4,63,18,63,0,0,0.0,0.0037474000055226497
uniform_04,eval,uniform,5,1/2,1,63,18,63,0,0,0.0,0.004186500002106186
uniform_04,eval,uniform,5,1/2,2,63,18,63,0,0,0.015625,0.005209200004173908
uniform_04,eval,uniform,5,1/2,4,63,18,63,0,0,0.0,0.004051500000059605
uniform_05,eval,uniform,1,0,1,63,18,63,0,0,0.0,0.00018509999790694565
uniform_05,eval,uniform,1,0,2,63,18,63,0,0,0.0,0.00016419999883510172
uniform_05,eval,uniform,1,0,4,63,18,63,0,0,0.0,0.00016120000509545207
uniform_05,eval,uniform,1,1/2,1,63,18,63,0,0,0.0,0.0001655000014579855
uniform_05,eval,uniform,1,1/2,2,63,18,63,0,0,0.0,0.0001646999953663908
uniform_05,eval,uniform,1,1/2,4,63,18,63,0,0,0.0,0.00016340000001946464
uniform_05,eval,uniform,5,0,1,63,18,63,0,0,0.0,0.0037333000000217
uniform_05,eval,uniform,5,0,2,63,18,63,0,0,0.015625,0.004320300002291333
uniform_05,eval,uniform,5,0,4,63,18,63,0,0,0.0,0.004291400000511203
uniform_05,eval,uniform,5,1/2,1,63,18,63,0,0,0.0,0.005567400003201328
uniform_05,eval,uniform,5,1/2,2,63,18,63,0,0,0.015625,0.006727599997248035
uniform_05,eval,uniform,5,1/2,4,63,18,63,0,0,0.0,0.004338599996117409
uniform_06,eval,uniform,1,0,1,63,18,63,0,0,0.0,0.00018170000112149864
uniform_06,eval,uniform,1,0,2,63,18,63,0,0,0.0,0.00021600000036414713
uniform_06,eval,uniform,1,0,4,63,18,63,0,0,0.0,0.00017359999765176326
uniform_06,eval,uniform,1,1/2,1,63,18,63,0,0,0.0,0.00016939999477472156
uniform_06,eval,uniform,1,1/2,2,63,18,63,0,0,0.0,0.00016489999688928947
uniform_06,eval,uniform,1,1/2,4,63,18,63,0,0,0.0,0.00022159999934956431
uniform_06,eval,uniform,5,0,1,63,18,63,0,0,0.0,0.004049099996336736
uniform_06,eval,uniform,5,0,2,63,18,63,0,0,0.015625,0.004884200003289152
uniform_06,eval,uniform,5,0,4,63,18,63,0,0,0.0,0.003896599999279715
uniform_06,eval,uniform,5,1/2,1,63,18,63,0,0,0.0,0.0038549000018974766
uniform_06,eval,uniform,5,1/2,2,63,18,63,0,0,0.015625,0.003788099995290395
uniform_06,eval,uniform,5,1/2,4,63,18,63,0,0,0.0,0.0037701000037486665
clustered_01,eval,clustered,1,0,1,21,6,21,0,0,0.0,0.00016180000238819048
clustered_01,eval,clustered,1,0,2,21,6,21,0,0,0.0,0.00014660000306321308
clustered_01,eval,clustered,1,0,4,21,6,21,0,0,0.0,0.0001472000003559515
clustered_01,eval,clustered,1,1/2,1,21,6,21,0,0,0.0,0.0001720000000204891
clustered_01,eval,clustered,1,1/2,2,21,6,21,0,0,0.0,0.00014840000221738592
clustered_01,eval,clustered,1,1/2,4,21,6,21,0,0,0.0,0.00015249999705702066
clustered_01,eval,clustered,5,0,1,21,6,21,0,0,0.0,0.004342400003224611
clustered_01,eval,clustered,5,0,2,21,6,21,0,0,0.0,0.0035939000008511357
clustered_01,eval,clustered,5,0,4,21,6,21,0,0,0.015625,0.0038764000055380166
clustered_01,eval,clustered,5,1/2,1,21,6,21,0,0,0.0,0.0054719999970984645
clustered_01,eval,clustered,5,1/2,2,21,6,21,0,0,0.0,0.0037723999994341284
clustered_01,eval,clustered,5,1/2,4,21,6,21,0,0,0.015625,0.0036560999942594208
clustered_02,eval,clustered,1,0,1,29,8,21,1,1,0.0,0.00014910000027157366
clustered_02,eval,clustered,1,0,2,29,8,21,1,1,0.0,0.0002032999982475303
clustered_02,eval,clustered,1,0,4,29,8,21,1,1,0.0,0.00015469999925699085
clustered_02,eval,clustered,1,1/2,1,29,8,21,1,1,0.0,0.00012969999806955457
clustered_02,eval,clustered,1,1/2,2,29,8,21,1,1,0.0,0.0001795999996829778
clustered_02,eval,clustered,1,1/2,4,29,8,21,1,1,0.0,0.00015430000348715112
clustered_02,eval,clustered,5,0,1,21,6,21,2,1,0.0,0.00022670000180369243
clustered_02,eval,clustered,5,0,2,21,6,21,2,1,0.0,0.004957499993906822
clustered_02,eval,clustered,5,0,4,21,6,21,2,1,0.0,0.0050717000049189664
clustered_02,eval,clustered,5,1/2,1,21,6,21,2,1,0.0,0.0002519999979995191
clustered_02,eval,clustered,5,1/2,2,21,6,21,2,1,0.015625,0.0040176000038627535
clustered_02,eval,clustered,5,1/2,4,21,6,21,2,1,0.0,0.0041233000010834076
clustered_03,eval,clustered,1,0,1,21,6,21,0,0,0.0,0.0001720000000204891
clustered_03,eval,clustered,1,0,2,21,6,21,0,0,0.0,0.00015900000289548188
clustered_03,eval,clustered,1,0,4,21,6,21,0,0,0.0,0.00015269999857991934
clustered_03,eval,clustered,1,1/2,1,21,6,21,0,0,0.0,0.00016060000052675605
clustered_03,eval,clustered,1,1/2,2,21,6,21,0,0,0.0,0.0001506000044173561
clustered_03,eval,clustered,1,1/2,4,21,6,21,0,0,0.0,0.000152299995534122
clustered_03,eval,clustered,5,0,1,21,6,21,0,0,0.0,0.004581100001814775
clustered_03,eval,clustered,5,0,2,21,6,21,0,0,0.015625,0.004466200000024401
clustered_03,eval,clustered,5,0,4,21,6,21,0,0,0.0,0.004211400002532173
clustered_03,eval,clustered,5,1/2,1,21,6,21,0,0,0.0,0.004009899996162858
clustered_03,eval,clustered,5,1/2,2,21,6,21,0,0,0.0,0.004370599999674596
clustered_03,eval,clustered,5,1/2,4,21,6,21,0,0,0.015625,0.004567199997836724
clustered_04,eval,clustered,1,0,1,23,8,21,1,1,0.0,0.0001953999963006936
clustered_04,eval,clustered,1,0,2,23,8,21,1,1,0.0,0.0001919999995152466
clustered_04,eval,clustered,1,0,4,23,8,21,1,1,0.0,0.000243800001044292
clustered_04,eval,clustered,1,1/2,1,23,8,21,1,1,0.0,0.0002032999982475303
clustered_04,eval,clustered,1,1/2,2,23,8,21,1,1,0.0,0.00016909999976633117
clustered_04,eval,clustered,1,1/2,4,23,8,21,1,1,0.0,0.00017250000382773578
clustered_04,eval,clustered,5,0,1,21,6,21,2,1,0.0,0.0040863999965949915
clustered_04,eval,clustered,5,0,2,21,6,21,2,1,0.015625,0.006817199995566625
clustered_04,eval,clustered,5,0,4,21,6,21,2,1,0.0,0.003974200000811834
clustered_04,eval,clustered,5,1/2,1,21,6,21,2,1,0.0,0.003924999997252598
clustered_04,eval,clustered,5,1/2,2,21,6,21,2,1,0.0,0.0046285999997053295
clustered_04,eval,clustered,5,1/2,4,21,6,21,2,1,0.015625,0.004572400001052301
clustered_05,eval,clustered,1,0,1,21,6,21,1,1,0.0,0.00015890000213403255
clustered_05,eval,clustered,1,0,2,21,6,21,1,1,0.0,0.00015469999925699085
clustered_05,eval,clustered,1,0,4,21,6,21,1,1,0.0,0.00016709999908925965
clustered_05,eval,clustered,1,1/2,1,21,6,21,1,1,0.0,0.0001596000001882203
clustered_05,eval,clustered,1,1/2,2,21,6,21,1,1,0.0,0.00016840000171214342
clustered_05,eval,clustered,1,1/2,4,21,6,21,1,1,0.0,0.00020539999968605116
clustered_05,eval,clustered,5,0,1,21,6,21,1,1,0.0,0.0009182000067085028
clustered_05,eval,clustered,5,0,2,21,6,21,1,1,0.0,0.0035231999936513603
clustered_05,eval,clustered,5,0,4,21,6,21,1,1,0.0,0.003757200000109151
clustered_05,eval,clustered,5,1/2,1,21,6,21,1,1,0.015625,0.0015884000022197142
clustered_05,eval,clustered,5,1/2,2,21,6,21,1,1,0.0,0.004077899997355416
clustered_05,eval,clustered,5,1/2,4,21,6,21,1,1,0.0,0.00395550000393996
clustered_06,eval,clustered,1,0,1,21,6,21,1,1,0.0,0.00016429999959655106
clustered_06,eval,clustered,1,0,2,21,6,21,1,1,0.0,0.0001790999958757311
clustered_06,eval,clustered,1,0,4,21,6,21,1,1,0.0,0.00023069999588187784
clustered_06,eval,clustered,1,1/2,1,21,6,21,1,1,0.0,0.0001475000026402995
clustered_06,eval,clustered,1,1/2,2,21,6,21,1,1,0.0,0.0001540000012028031
clustered_06,eval,clustered,1,1/2,4,21,6,21,1,1,0.0,0.00015699999494245276
clustered_06,eval,clustered,5,0,1,21,6,21,1,1,0.0,0.001036100002238527
clustered_06,eval,clustered,5,0,2,21,6,21,1,1,0.0,0.003715700004249811
clustered_06,eval,clustered,5,0,4,21,6,21,1,1,0.015625,0.004603299996233545
clustered_06,eval,clustered,5,1/2,1,21,6,21,1,1,0.0,0.0010761999947135337
clustered_06,eval,clustered,5,1/2,2,21,6,21,1,1,0.0,0.003875599999446422
clustered_06,eval,clustered,5,1/2,4,21,6,21,1,1,0.0,0.003729200005182065
near_far_01,eval,near_far,1,0,1,21,6,21,0,0,0.0,0.0001649999976507388
near_far_01,eval,near_far,1,0,2,21,6,21,0,0,0.0,0.00015639999764971435
near_far_01,eval,near_far,1,0,4,21,6,21,0,0,0.0,0.00015529999654972926
near_far_01,eval,near_far,1,1/2,1,21,6,21,0,0,0.0,0.0001520000005257316
near_far_01,eval,near_far,1,1/2,2,21,6,21,0,0,0.0,0.00015730000450275838
near_far_01,eval,near_far,1,1/2,4,21,6,21,0,0,0.0,0.0001536999989184551
near_far_01,eval,near_far,5,0,1,21,6,21,0,0,0.015625,0.004668199995649047
near_far_01,eval,near_far,5,0,2,21,6,21,0,0,0.0,0.003573900001356378
near_far_01,eval,near_far,5,0,4,21,6,21,0,0,0.0,0.0037561000062851235
near_far_01,eval,near_far,5,1/2,1,21,6,21,0,0,0.0,0.0035927999997511506
near_far_01,eval,near_far,5,1/2,2,21,6,21,0,0,0.015625,0.005761899999924935
near_far_01,eval,near_far,5,1/2,4,21,6,21,0,0,0.0,0.004001399996923283
near_far_02,eval,near_far,1,0,1,21,6,21,0,0,0.0,0.00015980000171111897
near_far_02,eval,near_far,1,0,2,21,6,21,0,0,0.0,0.00015220000204863027
near_far_02,eval,near_far,1,0,4,21,6,21,0,0,0.0,0.00014740000187885016
near_far_02,eval,near_far,1,1/2,1,21,6,21,0,0,0.0,0.0001832999987527728
near_far_02,eval,near_far,1,1/2,2,21,6,21,0,0,0.0,0.0001466999965487048
near_far_02,eval,near_far,1,1/2,4,21,6,21,0,0,0.0,0.00021700000070268288
near_far_02,eval,near_far,5,0,1,21,6,21,0,0,0.015625,0.0035069000005023554
near_far_02,eval,near_far,5,0,2,21,6,21,0,0,0.0,0.0037060000031488016
near_far_02,eval,near_far,5,0,4,21,6,21,0,0,0.0,0.007775500002026092
near_far_02,eval,near_far,5,1/2,1,21,6,21,0,0,0.015625,0.0049043999970308505
near_far_02,eval,near_far,5,1/2,2,21,6,21,0,0,0.0,0.004963200000929646
near_far_02,eval,near_far,5,1/2,4,21,6,21,0,0,0.0,0.004638799997337628
near_far_03,eval,near_far,1,0,1,21,6,21,0,0,0.0,0.00019789999350905418
near_far_03,eval,near_far,1,0,2,21,6,21,0,0,0.0,0.00017449999722884968
near_far_03,eval,near_far,1,0,4,21,6,21,0,0,0.0,0.00017439999646740034
near_far_03,eval,near_far,1,1/2,1,21,6,21,0,0,0.0,0.0001875000016298145
near_far_03,eval,near_far,1,1/2,2,21,6,21,0,0,0.0,0.0001680999994277954
near_far_03,eval,near_far,1,1/2,4,21,6,21,0,0,0.0,0.00017279999883612618
near_far_03,eval,near_far,5,0,1,21,6,21,0,0,0.015625,0.004346800000348594
near_far_03,eval,near_far,5,0,2,21,6,21,0,0,0.0,0.0037728000024799258
near_far_03,eval,near_far,5,0,4,21,6,21,0,0,0.0,0.005153900005097967
near_far_03,eval,near_far,5,1/2,1,21,6,21,0,0,0.0,0.004146800005401019
near_far_03,eval,near_far,5,1/2,2,21,6,21,0,0,0.015625,0.003937599998607766
near_far_03,eval,near_far,5,1/2,4,21,6,21,0,0,0.0,0.004283099995518569
near_far_04,eval,near_far,1,0,1,21,6,21,0,0,0.0,0.00017289999959757552
near_far_04,eval,near_far,1,0,2,21,6,21,0,0,0.0,0.00015160000475589186
near_far_04,eval,near_far,1,0,4,21,6,21,0,0,0.0,0.0001475000026402995
near_far_04,eval,near_far,1,1/2,1,21,6,21,0,0,0.0,0.00017579999985173345
near_far_04,eval,near_far,1,1/2,2,21,6,21,0,0,0.0,0.000152299995534122
near_far_04,eval,near_far,1,1/2,4,21,6,21,0,0,0.0,0.0001584999990882352
near_far_04,eval,near_far,5,0,1,21,6,21,0,0,0.0,0.003843799997412134
near_far_04,eval,near_far,5,0,2,21,6,21,0,0,0.015625,0.0035509000008460134
near_far_04,eval,near_far,5,0,4,21,6,21,0,0,0.0,0.00379590000375174
near_far_04,eval,near_far,5,1/2,1,21,6,21,0,0,0.0,0.005513500000233762
near_far_04,eval,near_far,5,1/2,2,21,6,21,0,0,0.015625,0.004184600002190564
near_far_04,eval,near_far,5,1/2,4,21,6,21,0,0,0.0,0.005779600003734231
near_far_05,eval,near_far,1,0,1,21,6,21,0,0,0.0,0.00019639999663922936
near_far_05,eval,near_far,1,0,2,21,6,21,0,0,0.0,0.00017099999968195334
near_far_05,eval,near_far,1,0,4,21,6,21,0,0,0.0,0.0001657999964663759
near_far_05,eval,near_far,1,1/2,1,21,6,21,0,0,0.0,0.00016239999968092889
near_far_05,eval,near_far,1,1/2,2,21,6,21,0,0,0.0,0.00016090000281110406
near_far_05,eval,near_far,1,1/2,4,21,6,21,0,0,0.0,0.00015939999866532162
near_far_05,eval,near_far,5,0,1,21,6,21,0,0,0.0,0.00443029999587452
near_far_05,eval,near_far,5,0,2,21,6,21,0,0,0.015625,0.004072299998369999
near_far_05,eval,near_far,5,0,4,21,6,21,0,0,0.0,0.004063000000314787
near_far_05,eval,near_far,5,1/2,1,21,6,21,0,0,0.0,0.0037126000024727546
near_far_05,eval,near_far,5,1/2,2,21,6,21,0,0,0.0,0.004811499995412305
near_far_05,eval,near_far,5,1/2,4,21,6,21,0,0,0.015625,0.0046061000030022115
near_far_06,eval,near_far,1,0,1,21,6,21,0,0,0.0,0.000167199999850709
near_far_06,eval,near_far,1,0,2,21,6,21,0,0,0.0,0.0001551000023027882
near_far_06,eval,near_far,1,0,4,21,6,21,0,0,0.0,0.00015900000289548188
near_far_06,eval,near_far,1,1/2,1,21,6,21,0,0,0.0,0.00018899999849963933
near_far_06,eval,near_far,1,1/2,2,21,6,21,0,0,0.0,0.00023300000611925498
near_far_06,eval,near_far,1,1/2,4,21,6,21,0,0,0.0,0.00018229999841423705
near_far_06,eval,near_far,5,0,1,21,6,21,0,0,0.0,0.0035795000003417954
near_far_06,eval,near_far,5,0,2,21,6,21,0,0,0.0,0.003931200000806712
near_far_06,eval,near_far,5,0,4,21,6,21,0,0,0.015625,0.004294099999242462
near_far_06,eval,near_far,5,1/2,1,21,6,21,0,0,0.0,0.004120799996599089
near_far_06,eval,near_far,5,1/2,2,21,6,21,0,0,0.0,0.003908600003342144
near_far_06,eval,near_far,5,1/2,4,21,6,21,0,0,0.015625,0.005055699999502394
paired_01,eval,paired,1,0,1,75,21,75,3,1,0.0,0.0002099999983329326
paired_01,eval,paired,1,0,2,75,21,75,3,1,0.0,0.00034470000537112355
paired_01,eval,paired,1,0,4,75,21,75,3,1,0.0,0.00030130000232020393
paired_01,eval,paired,1,1/2,1,75,21,75,3,1,0.0,0.00018950000230688602
paired_01,eval,paired,1,1/2,2,75,21,75,3,1,0.0,0.00022340000577969477
paired_01,eval,paired,1,1/2,4,75,21,75,3,1,0.0,0.00015890000213403255
paired_01,eval,paired,5,0,1,75,21,75,3,1,0.0,0.0002558999985922128
paired_01,eval,paired,5,0,2,75,21,75,3,1,0.0,0.003990299999713898
paired_01,eval,paired,5,0,4,75,21,75,3,1,0.0,0.003741400003491435
paired_01,eval,paired,5,1/2,1,75,21,75,3,1,0.0,0.0002406999992672354
paired_01,eval,paired,5,1/2,2,75,21,75,3,1,0.015625,0.004364599997643381
paired_01,eval,paired,5,1/2,4,75,21,75,3,1,0.0,0.004782299998623785
paired_02,eval,paired,1,0,1,66,21,66,0,0,0.0,0.00017210000078193843
paired_02,eval,paired,1,0,2,66,21,66,0,0,0.0,0.00015899999561952427
paired_02,eval,paired,1,0,4,66,21,66,0,0,0.0,0.00015320000238716602
paired_02,eval,paired,1,1/2,1,66,21,66,0,0,0.0,0.00015279999934136868
paired_02,eval,paired,1,1/2,2,66,21,66,0,0,0.0,0.00018950000230688602
paired_02,eval,paired,1,1/2,4,66,21,66,0,0,0.0,0.0001551000023027882
paired_02,eval,paired,5,0,1,66,21,66,0,0,0.0,0.004004599999461789
paired_02,eval,paired,5,0,2,66,21,66,0,0,0.015625,0.003970100005972199
paired_02,eval,paired,5,0,4,66,21,66,0,0,0.0,0.0048862000039662234
paired_02,eval,paired,5,1/2,1,66,21,66,0,0,0.0,0.003929099999368191
paired_02,eval,paired,5,1/2,2,66,21,66,0,0,0.0,0.004022600005555432
paired_02,eval,paired,5,1/2,4,66,21,66,0,0,0.015625,0.004083400002855342
paired_03,eval,paired,1,0,1,70,21,70,2,1,0.0,0.0001908999984152615
paired_03,eval,paired,1,0,2,70,21,70,2,1,0.0,0.00018350000027567148
paired_03,eval,paired,1,0,4,70,21,70,2,1,0.0,0.00018180000188294798
paired_03,eval,paired,1,1/2,1,70,21,70,2,1,0.0,0.00013350000517675653
paired_03,eval,paired,1,1/2,2,70,21,70,2,1,0.0,0.0001771000024746172
paired_03,eval,paired,1,1/2,4,70,21,70,2,1,0.0,0.00017700000171316788
paired_03,eval,paired,5,0,1,70,21,70,2,1,0.0,0.0007659999973839149
paired_03,eval,paired,5,0,2,70,21,70,2,1,0.0,0.004775899993546773
paired_03,eval,paired,5,0,4,70,21,70,2,1,0.015625,0.004225199998472817
paired_03,eval,paired,5,1/2,1,70,21,70,2,1,0.0,0.0007947999984025955
paired_03,eval,paired,5,1/2,2,70,21,70,2,1,0.0,0.004286600000341423
paired_03,eval,paired,5,1/2,4,70,21,70,2,1,0.0,0.006026700000802521
paired_04,eval,paired,1,0,1,70,21,70,2,1,0.0,0.0001812999980757013
paired_04,eval,paired,1,0,2,70,21,70,2,1,0.0,0.00017639999714447185
paired_04,eval,paired,1,0,4,70,21,70,2,1,0.0,0.00017250000382773578
paired_04,eval,paired,1,1/2,1,70,21,70,2,1,0.0,0.00014650000230176374
paired_04,eval,paired,1,1/2,2,70,21,70,2,1,0.0,0.0001731000011204742
paired_04,eval,paired,1,1/2,4,70,21,70,2,1,0.0,0.0005571000001509674
paired_04,eval,paired,5,0,1,70,21,70,2,1,0.0,0.0008264000061899424
paired_04,eval,paired,5,0,2,70,21,70,2,1,0.015625,0.00414930000260938
paired_04,eval,paired,5,0,4,70,21,70,2,1,0.0,0.004557100000965875
paired_04,eval,paired,5,1/2,1,70,21,70,2,1,0.0,0.0008411000017076731
paired_04,eval,paired,5,1/2,2,70,21,70,2,1,0.0,0.004665300002670847
paired_04,eval,paired,5,1/2,4,70,21,70,2,1,0.015625,0.005286299994622823
paired_05,eval,paired,1,0,1,60,21,60,1,1,0.0,0.0001847000021371059
paired_05,eval,paired,1,0,2,60,21,60,1,1,0.0,0.00017440000374335796
paired_05,eval,paired,1,0,4,60,21,60,1,1,0.0,0.00017529999604448676
paired_05,eval,paired,1,1/2,1,60,21,60,1,1,0.0,0.00016850000247359276
paired_05,eval,paired,1,1/2,2,60,21,60,1,1,0.0,0.00017970000044442713
paired_05,eval,paired,1,1/2,4,60,21,60,1,1,0.0,0.0002412999965599738
paired_05,eval,paired,5,0,1,60,21,60,1,1,0.0,0.002912899995862972
paired_05,eval,paired,5,0,2,60,21,60,1,1,0.0,0.004319399995438289
paired_05,eval,paired,5,0,4,60,21,60,1,1,0.015625,0.004475000001548324
paired_05,eval,paired,5,1/2,1,60,21,60,1,1,0.0,0.0017550999982631765
paired_05,eval,paired,5,1/2,2,60,21,60,1,1,0.0,0.004137500000069849
paired_05,eval,paired,5,1/2,4,60,21,60,1,1,0.0,0.006295799998042639
paired_06,eval,paired,1,0,1,62,21,62,1,1,0.015625,0.00026559999969322234
paired_06,eval,paired,1,0,2,62,21,62,1,1,0.0,0.00017600000137463212
paired_06,eval,paired,1,0,4,62,21,62,1,1,0.0,0.00018989999807672575
paired_06,eval,paired,1,1/2,1,62,21,62,1,1,0.0,0.00015110000094864517
paired_06,eval,paired,1,1/2,2,62,21,62,1,1,0.0,0.0001697999978205189
paired_06,eval,paired,1,1/2,4,62,21,62,1,1,0.0,0.00022529999841935933
paired_06,eval,paired,5,0,1,62,21,62,1,1,0.0,0.0008175000039045699
paired_06,eval,paired,5,0,2,62,21,62,1,1,0.0,0.00398519999725977
paired_06,eval,paired,5,0,4,62,21,62,1,1,0.0,0.004548999997496139
paired_06,eval,paired,5,1/2,1,62,21,62,1,1,0.0,0.0008547000034013763
paired_06,eval,paired,5,1/2,2,62,21,62,1,1,0.015625,0.004410200002894271
paired_06,eval,paired,5,1/2,4,62,21,62,1,1,0.0,0.004117500000575092
alternating_radius_n3,stress,alternating_radius,1,0,1,11,8,7,1,1,0.0,3.9999998989515007e-05
alternating_radius_n3,stress,alternating_radius,1,0,2,7,4,7,2,2,0.0,3.4199998481199145e-05
alternating_radius_n3,stress,alternating_radius,1,0,4,7,4,7,2,2,0.0,2.680000034160912e-05
alternating_radius_n3,stress,alternating_radius,1,1/2,1,11,8,7,1,1,0.0,2.220000169472769e-05
alternating_radius_n3,stress,alternating_radius,1,1/2,2,7,4,7,2,2,0.0,2.6399997295811772e-05
alternating_radius_n3,stress,alternating_radius,1,1/2,4,7,4,7,2,2,0.0,2.680000034160912e-05
alternating_radius_n3,stress,alternating_radius,5,0,1,11,8,7,1,1,0.0,2.0300001779105514e-05
alternating_radius_n3,stress,alternating_radius,5,0,2,7,4,7,2,2,0.0,3.6900004488416016e-05
alternating_radius_n3,stress,alternating_radius,5,0,4,7,4,7,2,2,0.0,3.6600002204068005e-05
alternating_radius_n3,stress,alternating_radius,5,1/2,1,11,8,7,1,1,0.0,2.2400003217626363e-05
alternating_radius_n3,stress,alternating_radius,5,1/2,2,7,4,7,3,2,0.0,3.7500001781154424e-05
alternating_radius_n3,stress,alternating_radius,5,1/2,4,7,4,7,3,2,0.0,3.760000254260376e-05
alternating_radius_n4,stress,alternating_radius,1,0,1,19,8,15,2,1,0.0,4.8099995183292776e-05
alternating_radius_n4,stress,alternating_radius,1,0,2,23,16,15,2,2,0.0,5.01000031363219e-05
alternating_radius_n4,stress,alternating_radius,1,0,4,15,8,15,3,3,0.0,5.62999994144775e-05
alternating_radius_n4,stress,alternating_radius,1,1/2,1,19,8,15,2,1,0.0,4.269999772077426e-05
alternating_radius_n4,stress,alternating_radius,1,1/2,2,23,16,15,2,2,0.0,7.030000415397808e-05
alternating_radius_n4,stress,alternating_radius,1,1/2,4,15,8,15,3,3,0.0,5.439999949885532e-05
alternating_radius_n4,stress,alternating_radius,5,0,1,19,8,15,2,1,0.0,0.00010549999569775537
alternating_radius_n4,stress,alternating_radius,5,0,2,23,16,15,2,2,0.0,9.349999891128391e-05
alternating_radius_n4,stress,alternating_radius,5,0,3,15,8,15,3,3,0.0,0.00015039999561849982
alternating_radius_n4,stress,alternating_radius,5,0,4,15,8,15,3,3,0.0,0.000148899998748675
alternating_radius_n4,stress,alternating_radius,5,1/2,1,19,8,15,2,1,0.0,5.409999721450731e-05
alternating_radius_n4,stress,alternating_radius,5,1/2,2,17,10,15,5,2,0.0,8.55999969644472e-05
alternating_radius_n4,stress,alternating_radius,5,1/2,4,15,8,15,6,3,0.0,0.0001540000012028031
alternating_radius_n5,stress,alternating_radius,1,0,1,51,32,31,2,1,0.0,7.690000347793102e-05
alternating_radius_n5,stress,alternating_radius,1,0,2,39,16,31,2,2,0.0,8.710000111022964e-05
alternating_radius_n5,stress,alternating_radius,1,0,4,31,16,31,4,4,0.0,0.00013250000483822078
alternating_radius_n5,stress,alternating_radius,1,1/2,1,51,32,31,2,1,0.0,7.14999987394549e-05
alternating_radius_n5,stress,alternating_radius,1,1/2,2,39,16,31,2,2,0.0,8.510000043315813e-05
alternating_radius_n5,stress,alternating_radius,1,1/2,4,31,16,31,4,4,0.0,9.950000094249845e-05
alternating_radius_n5,stress,alternating_radius,5,0,1,51,32,31,2,1,0.0,9.849999332800508e-05
alternating_radius_n5,stress,alternating_radius,5,0,2,39,16,31,2,2,0.0,0.0002162000018870458
alternating_radius_n5,stress,alternating_radius,5,0,3,47,32,31,3,3,0.0,0.00033910000638570637
alternating_radius_n5,stress,alternating_radius,5,0,4,31,16,31,4,4,0.0,0.0006963000050745904
alternating_radius_n5,stress,alternating_radius,5,1/2,1,51,32,31,2,1,0.0,0.00010269999620504677
alternating_radius_n5,stress,alternating_radius,5,1/2,2,39,22,31,7,2,0.0,0.0001655999949434772
alternating_radius_n5,stress,alternating_radius,5,1/2,4,31,16,31,10,4,0.0,0.0007947000049171038
alternating_radius_n6,stress,alternating_radius,1,0,1,83,32,63,3,1,0.0,0.00030050000350456685
alternating_radius_n6,stress,alternating_radius,1,0,2,79,40,63,3,2,0.0,0.00041260000580223277
alternating_radius_n6,stress,alternating_radius,1,0,4,95,64,63,4,4,0.0,0.00018759999511530623
alternating_radius_n6,stress,alternating_radius,1,1/2,1,83,32,63,3,1,0.0,0.00011639999866019934
alternating_radius_n6,stress,alternating_radius,1,1/2,2,79,40,63,3,2,0.0,0.00014400000509340316
alternating_radius_n6,stress,alternating_radius,1,1/2,4,95,64,63,4,4,0.0,0.00017700000171316788
alternating_radius_n6,stress,alternating_radius,5,0,1,83,32,63,3,1,0.0,0.00023739999596728012
alternating_radius_n6,stress,alternating_radius,5,0,2,79,40,63,3,2,0.0,0.0008445000057690777
alternating_radius_n6,stress,alternating_radius,5,0,3,79,32,63,4,3,0.015625,0.0010435999938636087
alternating_radius_n6,stress,alternating_radius,5,0,4,95,64,63,4,4,0.0,0.0020138000036240555
alternating_radius_n6,stress,alternating_radius,5,0,5,63,32,63,5,5,0.0,0.003840700002911035
alternating_radius_n6,stress,alternating_radius,5,1/2,1,83,32,63,3,1,0.0,0.00023949999740580097
alternating_radius_n6,stress,alternating_radius,5,1/2,2,85,46,63,9,2,0.0,0.00022899999748915434
alternating_radius_n6,stress,alternating_radius,5,1/2,4,65,34,63,14,4,0.0,0.0017061000035027973
