base_graph_id,instance_id,n,d,k,greedy,optimum,initial_upper,prefix_upper,dual_upper,endpoint,tightening_initial,tightening_prefix,initial_ratio,prefix_ratio,dual_ratio,ratio_gain_initial,ratio_gain_prefix,dual_over_optimum,initial_certified,prefix_certified,dual_certified
r2-preflight-n12-d2-r0000,6db120c05291a53802659d97b533474f4318fe9728a017f00c6e972460436c0a,12,2,1,2,2,2,2,2,k=1,0,0,1.0,1.0,1.0,0.0,0.0,1.0,1,1,1
r2-preflight-n12-d2-r0000,17d1a4b811db5326c7d58f489279d100210a1c09f0c47dd213a65d72e27fc6da,12,2,2,4,4,4,4,4,interior,0,0,1.0,1.0,1.0,0.0,0.0,1.0,1,1,1
r2-preflight-n12-d2-r0000,86ed0af3e5eeafc0a6b1b68e866cdd9a2898a80f61511ca47a19ff70ac0956a2,12,2,3,6,6,6,6,6,interior,0,0,1.0,1.0,1.0,0.0,0.0,1.0,1,1,1
r2-preflight-n12-d2-r0000,30e55962e38c6a9df95e5a0337769d3223a3c4ba4a00a75cbbc10efa394a657c,12,2,5,9,10,10,10,10,interior,0,0,0.9,0.9,0.9,0.0,0.0,1.0,0,0,0
r2-preflight-n12-d2-r0000,852c9a087f66019e1d48c3db2aef672db5974821141f30512eff9a55fdfdb1bf,12,2,6,10,11,11,11,11,interior,0,0,0.9090909090909091,0.9090909090909091,0.9090909090909091,0.0,0.0,1.0,0,0,0
r2-preflight-n12-d2-r0000,f88b51f5f9aff185fa3d9f55b1fc4a7b6fd35b503fe72743ea4bf1c63c864a8a,12,2,9,11,11,11,11,11,interior,0,0,1.0,1.0,1.0,0.0,0.0,1.0,1,1,1
r2-preflight-n12-d2-r0000,120a00bc8daca0443e4ae15ab3b34f4e0b8d56fbf6e6ff5c3de6ae40cf378490,12,2,12,11,11,11,11,11,k=M,0,0,1.0,1.0,1.0,0.0,0.0,1.0,1,1,1
r2-preflight-n12-d2-r0001,d20299ca8009ad570a74c6da3ffd495e14798e41f2e3451c6ece50bd87bc4d73,12,2,1,2,2,2,2,2,k=1,0,0,1.0,1.0,1.0,0.0,0.0,1.0,1,1,1
r2-preflight-n12-d2-r0001,a8b40a4ceceacda2e8392db8927d3d6a23003166d29f05e59ad811bcd4719d0a,12,2,2,4,4,4,4,4,interior,0,0,1.0,1.0,1.0,0.0,0.0,1.0,1,1,1
r2-preflight-n12-d2-r0001,fab76c2f91720cf9d818cd12557083a05e7d9960d2bdaf251f015c7d4c17bcd8,12,2,3,6,6,6,6,6,interior,0,0,1.0,1.0,1.0,0.0,0.0,1.0,1,1,1
r2-preflight-n12-d2-r0001,b480add529538dc8fd3013f19fed8d19b04f2d852fc6520ab4dd3b5eaa3760b9,12,2,5,9,10,10,10,10,interior,0,0,0.9,0.9,0.9,0.0,0.0,1.0,0,0,0
r2-preflight-n12-d2-r0001,2bb61a292426eeeeb0389d4f82c562b0d1c913a28ff3428845fc5a1f3ed86f04,12,2,6,10,11,11,11,11,interior,0,0,0.9090909090909091,0.9090909090909091,0.9090909090909091,0.0,0.0,1.0,0,0,0
r2-preflight-n12-d2-r0001,b42d158bd86c943dcd67a80a6bd0c3451c267c85c3af505f65bfe9bca16a3099,12,2,9,11,11,11,11,11,interior,0,0,1.0,1.0,1.0,0.0,0.0,1.0,1,1,1
r2-preflight-n12-d2-r0001,923fe2a765603d41b94dcbbf075372e47848d56563f14ca48b5c6d398546ef15,12,2,12,11,11,11,11,11,k=M,0,0,1.0,1.0,1.0,0.0,0.0,1.0,1,1,1
r2-preflight-n12-d3-r0000,040fbe1dfbe603114e851df759afa0a0f22af9e93479156db92c62861c3daaea,12,3,1,3,3,3,3,3,k=1,0,0,1.0,1.0,1.0,0.0,0.0,1.0,1,1,1
r2-preflight-n12-d3-r0000,976565ac468079c8d0e7aee1c8264a1333d790b22c71b97de62b84f79ab02a6f,12,3,2,6,6,6,6,6,interior,0,0,1.0,1.0,1.0,0.0,0.0,1.0,1,1,1
r2-preflight-n12-d3-r0000,471bb8e4066c987d6a3ed8e4f0fac79a454c523c90888d1e6fea59c6d920b352,12,3,3,8,9,9,9,9,interior,0,0,0.8888888888888888,0.8888888888888888,0.8888888888888888,0.0,0.0,1.0,0,0,0
r2-preflight-n12-d3-r0000,5cb209fed5a78e94d8ea92a36b6ad6da544aabaefe52180bb2f3c5657886213e,12,3,4,10,11,12,12,12,interior,0,0,0.8333333333333334,0.8333333333333334,0.8333333333333334,0.0,0.0,1.0909090909090908,0,0,0
r2-preflight-n12-d3-r0000,2e6ab7b5774a23b197d9326a7ee0ff67703d246e38c2eecbdc8bf53d37f946c8,12,3,6,12,12,12,12,12,interior,0,0,1.0,1.0,1.0,0.0,0.0,1.0,1,1,1
r2-preflight-n12-d3-r0000,ea15471303d9f2ebf3e8c278e25d148d0fb01edae57eee03a06bad17472e6a12,12,3,8,12,12,12,12,12,interior,0,0,1.0,1.0,1.0,0.0,0.0,1.0,1,1,1
r2-preflight-n12-d3-r0000,438b8db870ec71e7f3689df90a28201ef965b67737a85014364df85204f8a0b3,12,3,12,12,12,12,12,12,k=M,0,0,1.0,1.0,1.0,0.0,0.0,1.0,1,1,1
r2-preflight-n12-d3-r0001,3546fbd30100dab1fac7d94a5ca48b3d70a38d8c7e4aba09f2cc8706b4e907d0,12,3,1,3,3,3,3,3,k=1,0,0,1.0,1.0,1.0,0.0,0.0,1.0,1,1,1
r2-preflight-n12-d3-r0001,8ccff664efcd7a75067a3004d2a2cf7ba0bb51f4ef137361bd562461f69b5ec6,12,3,2,6,6,6,6,6,interior,0,0,1.0,1.0,1.0,0.0,0.0,1.0,1,1,1
r2-preflight-n12-d3-r0001,2ec7767ecc53aeb17369b471a7c33acfb5364262465a2a58a0a4fe74f0328c2c,12,3,3,8,9,9,9,9,interior,0,0,0.8888888888888888,0.8888888888888888,0.8888888888888888,0.0,0.0,1.0,0,0,0
r2-preflight-n12-d3-r0001,9c0a038095040d9d0a9e99c75d75b5dce6b52ebfb3dc457b37763744e4a5b7b6,12,3,4,10,10,12,12,12,interior,0,0,0.8333333333333334,0.8333333333333334,0.8333333333333334,0.0,0.0,1.2,0,0,0
r2-preflight-n12-d3-r0001,2de2faefdcde9251c98b03f8b858e341c37d2d7dc2534ca6b8639308266d958b,12,3,6,12,12,12,12,12,interior,0,0,1.0,1.0,1.0,0.0,0.0,1.0,1,1,1
r2-preflight-n12-d3-r0001,4d2e2d80a1386b7dd546a3f2518f1c6de19df01e807dfcdc40069edb645b32f4,12,3,8,12,12,12,12,12,interior,0,0,1.0,1.0,1.0,0.0,0.0,1.0,1,1,1
r2-preflight-n12-d3-r0001,08996a9ba033b08b696eddb04abc4cce0785e2ce0a9e78e44d241cccfd36252b,12,3,12,12,12,12,12,12,k=M,0,0,1.0,1.0,1.0,0.0,0.0,1.0,1,1,1
r2-preflight-n12-d4-r0000,44dd256c5405609912e0fabebd33ec1bc90a3f6a57295c871ffaf58fc883c8e8,12,4,1,4,4,4,4,4,k=1,0,0,1.0,1.0,1.0,0.0,0.0,1.0,1,1,1
r2-preflight-n12-d4-r0000,58c0b9ea01318a5d2912d8bc4460ef566cd13932db76298bc28cb72cb4ab91c0,12,4,2,8,8,8,8,8,interior,0,0,1.0,1.0,1.0,0.0,0.0,1.0,1,1,1
r2-preflight-n12-d4-r0000,3b23fa476b34fc9cb8c4b42716a9b7f44ab41b6c4f29ce14906a5ce4c7426106,12,4,3,11,11,12,12,12,interior,0,0,0.9166666666666666,0.9166666666666666,0.9166666666666666,0.0,0.0,1.0909090909090908,0,0,0
r2-preflight-n12-d4-r0000,feaf720a1914380ce73a8cab969f67d9ef4ea22f8c47c10c9b75cc0c7965bf80,12,4,5,12,12,12,12,12,interior,0,0,1.0,1.0,1.0,0.0,0.0,1.0,1,1,1
r2-preflight-n12-d4-r0000,674bb14dbdb2a2f1945e11a998cff4557b90afc60c03dec481976217998c4cc4,12,4,6,12,12,12,12,12,interior,0,0,1.0,1.0,1.0,0.0,0.0,1.0,1,1,1
r2-preflight-n12-d4-r0000,bfbc055bc4e5a2c68a1a3086004c72e6bb44550836160019deaf44549b3331c8,12,4,12,12,12,12,12,12,k=M,0,0,1.0,1.0,1.0,0.0,0.0,1.0,1,1,1
r2-preflight-n12-d4-r0001,c5bbe76136cd9d272d675e61969963856bf10304c1a463e0084b6e2020db4ee1,12,4,1,4,4,4,4,4,k=1,0,0,1.0,1.0,1.0,0.0,0.0,1.0,1,1,1
r2-preflight-n12-d4-r0001,69a9b75b0221dcc6ed509bf0c19bc9d281b6ea10325828c04f7ec159c2e0e13c,12,4,2,8,8,8,8,8,interior,0,0,1.0,1.0,1.0,0.0,0.0,1.0,1,1,1
r2-preflight-n12-d4-r0001,98f20238610b65a00832767f32aec334fd011b7fb34d6ca7a633a6cb151ccf30,12,4,3,10,11,12,12,12,interior,0,0,0.8333333333333334,0.8333333333333334,0.8333333333333334,0.0,0.0,1.0909090909090908,0,0,0
r2-preflight-n12-d4-r0001,389080e9c96826286a98e6b8d5dd73354ef7c37b302db3465f3cf716e896f04e,12,4,5,12,12,12,12,12,interior,0,0,1.0,1.0,1.0,0.0,0.0,1.0,1,1,1
r2-preflight-n12-d4-r0001,3e5e8acc9308a423827224acad356a1e90674e94f8b6f2ea9ca1f1d1c653ab51,12,4,6,12,12,12,12,12,interior,0,0,1.0,1.0,1.0,0.0,0.0,1.0,1,1,1
r2-preflight-n12-d4-r0001,6cde84e8391f0435c36340b4a31516eb2b22da37ba822117fe7ed5fffc4f3ea7,12,4,12,12,12,12,12,12,k=M,0,0,1.0,1.0,1.0,0.0,0.0,1.0,1,1,1
r2-preflight-n16-d2-r0000,2f1ee9eac55a11fc19ac9dd5aefedc8b8fea82b6f742a5e7c7fcf87056c248ba,16,2,1,2,2,2,2,2,k=1,0,0,1.0,1.0,1.0,0.0,0.0,1.0,1,1,1
r2-preflight-n16-d2-r0000,b7f71324530289ab7c7ddf3fee25ad74cf22e0d03be2e4d8200bb6e7f2ecb620,16,2,2,4,4,4,4,4,interior,0,0,1.0,1.0,1.0,0.0,0.0,1.0,1,1,1
r2-preflight-n16-d2-r0000,75699c5c485cf61577742cc2be6f92ebacf7a1a25cc4e510924a30a7dcbca4ee,16,2,4,8,8,8,8,8,interior,0,0,1.0,1.0,1.0,0.0,0.0,1.0,1,1,1
r2-preflight-n16-d2-r0000,ce6b162d3192d6bcf0a97246ed65dd7f256724f8773a60e9c2be9b54a77ea731,16,2,6,11,12,12,12,12,interior,0,0,0.9166666666666666,0.9166666666666666,0.9166666666666666,0.0,0.0,1.0,0,0,0
r2-preflight-n16-d2-r0000,393b4e5d4809291a50b19c7266aa1572d8630c1c430f500f859a2e7d7ca11369,16,2,8,13,14,14,14,14,interior,0,0,0.9285714285714286,0.9285714285714286,0.9285714285714286,0.0,0.0,1.0,0,0,0
r2-preflight-n16-d2-r0000,045f9f6b504f9ed6b7a1fe4df748af6eea9906c75d242443864a95e4a21861ef,16,2,12,14,14,14,14,14,interior,0,0,1.0,1.0,1.0,0.0,0.0,1.0,1,1,1
r2-preflight-n16-d2-r0000,58d3b80408da0d3085993839f5a102cf63ab5a168edcbede885998c82af3db47,16,2,16,14,14,14,14,14,k=M,0,0,1.0,1.0,1.0,0.0,0.0,1.0,1,1,1
r2-preflight-n16-d2-r0001,767f9ff5374fffb8938f1ac8e6700eb0c1e4a1e588d1258154daf86d8fa01192,16,2,1,2,2,2,2,2,k=1,0,0,1.0,1.0,1.0,0.0,0.0,1.0,1,1,1
r2-preflight-n16-d2-r0001,be3071f4fa1977fd995524ca8562842fbc00271f6298569f5fc9e0dcf1c3621a,16,2,2,4,4,4,4,4,interior,0,0,1.0,1.0,1.0,0.0,0.0,1.0,1,1,1
r2-preflight-n16-d2-r0001,9a54c4daec0461aa6ca7bcae9b28804b43ef9194db65e386d87aa88d5a80af38,16,2,4,8,8,8,8,8,interior,0,0,1.0,1.0,1.0,0.0,0.0,1.0,1,1,1
r2-preflight-n16-d2-r0001,a0a4e65be7d177e981137d5a4dae27d77ddcd6271c273ef41ec2eb15e5e12947,16,2,6,11,12,12,12,12,interior,0,0,0.9166666666666666,0.9166666666666666,0.9166666666666666,0.0,0.0,1.0,0,0,0
r2-preflight-n16-d2-r0001,46a7ddccb5a6f88464666e39781d8fce88809927638ac8d6568c3183a165d2c3,16,2,8,13,14,15,15,15,interior,0,0,0.8666666666666667,0.8666666666666667,0.8666666666666667,0.0,0.0,1.0714285714285714,0,0,0
r2-preflight-n16-d2-r0001,b8de2ce83d933f1db3673643e02df80be0e6672f15fd8872647f06ed8edf3ad5,16,2,12,15,15,15,15,15,interior,0,0,1.0,1.0,1.0,0.0,0.0,1.0,1,1,1
r2-preflight-n16-d2-r0001,2e66a632fa83ac660c3f27a301a501fa848ca6cdc3dc9eb0ef8d82a46a2ada5b,16,2,16,15,15,15,15,15,k=M,0,0,1.0,1.0,1.0,0.0,0.0,1.0,1,1,1
r2-preflight-n16-d3-r0000,def1fb40ddcb7881794071bc83fec34b554d4d9b7cb88b33758fe0f948e9e3e2,16,3,1,3,3,3,3,3,k=1,0,0,1.0,1.0,1.0,0.0,0.0,1.0,1,1,1
r2-preflight-n16-d3-r0000,44542b3b703c1261e79dc8e2c8c5f9d67883e7768f7bebf3e0846c01c332df5f,16,3,2,6,6,6,6,6,interior,0,0,1.0,1.0,1.0,0.0,0.0,1.0,1,1,1
r2-preflight-n16-d3-r0000,4c30391949b5fa39a308cda498ab844a2bf2ec92b18f71d54305251eee2b9bbb,16,3,3,9,9,9,9,9,interior,0,0,1.0,1.0,1.0,0.0,0.0,1.0,1,1,1
r2-preflight-n16-d3-r0000,767b950e1c2cdaf44eac6eb46d0bdadc0d4d26bcefcf11465c72e4a526965cec,16,3,4,11,12,12,12,12,interior,0,0,0.9166666666666666,0.9166666666666666,0.9166666666666666,0.0,0.0,1.0,0,0,0
r2-preflight-n16-d3-r0000,0f2c979ef99537f293a39a69fe1d86abc4247fecaedd0561a3450bef239fee4f,16,3,6,13,15,15,15,15,interior,0,0,0.8666666666666667,0.8666666666666667,0.8666666666666667,0.0,0.0,1.0,0,0,0
r2-preflight-n16-d3-r0000,2c905d7089de3faa5bc182cfed410fd69530a1484f3484140f365686caa2e46e,16,3,8,15,15,15,15,15,interior,0,0,1.0,1.0,1.0,0.0,0.0,1.0,1,1,1
r2-preflight-n16-d3-r0000,538d4303a51936dc685d0b7bf6d0c2a12fef186ec51bccceb1509136c114bb70,16,3,11,15,15,15,15,15,interior,0,0,1.0,1.0,1.0,0.0,0.0,1.0,1,1,1
r2-preflight-n16-d3-r0000,72cd9a779fd66258d3fc2a3de7a872c62db0a5c76a6186cf3035e3ba2dd49d83,16,3,16,15,15,15,15,15,k=M,0,0,1.0,1.0,1.0,0.0,0.0,1.0,1,1,1
r2-preflight-n16-d3-r0001,21b469ea5748b9ee191d84be2325efc21a3d3f2acb87372a00e58ba467146e58,16,3,1,3,3,3,3,3,k=1,0,0,1.0,1.0,1.0,0.0,0.0,1.0,1,1,1
r2-preflight-n16-d3-r0001,7925da56661f98fb03ffcf9623b77416ad65d34ca33a5bbcb875d5b1a9f19625,16,3,2,6,6,6,6,6,interior,0,0,1.0,1.0,1.0,0.0,0.0,1.0,1,1,1
r2-preflight-n16-d3-r0001,fb9e72916401f0b908a024b6665944cadf9104a0b8534e0fcfe0344bf7c1e50a,16,3,3,9,9,9,9,9,interior,0,0,1.0,1.0,1.0,0.0,0.0,1.0,1,1,1
r2-preflight-n16-d3-r0001,f0f4876caa19e8322a0a4314bfc36d20494e1c8f8e1116d452fe739d8c75ee27,16,3,4,11,12,12,12,12,interior,0,0,0.9166666666666666,0.9166666666666666,0.9166666666666666,0.0,0.0,1.0,0,0,0
r2-preflight-n16-d3-r0001,95359e9bdbf82de01db466b81a2a7c71fd622951d839116f8f8a10be3d122fd7,16,3,6,15,15,15,15,15,interior,0,0,1.0,1.0,1.0,0.0,0.0,1.0,1,1,1
r2-preflight-n16-d3-r0001,c15b7fc7974f81f05b2d444e0a21e45d07bec679d559b7f59584f911a9460826,16,3,8,15,15,15,15,15,interior,0,0,1.0,1.0,1.0,0.0,0.0,1.0,1,1,1
r2-preflight-n16-d3-r0001,5660fbbeff7e82fe861e8acbe6fe4e78f957fde42b7bfc7f7c4a44705e4e29b1,16,3,11,15,15,15,15,15,interior,0,0,1.0,1.0,1.0,0.0,0.0,1.0,1,1,1
r2-preflight-n16-d3-r0001,0893a3c40ef4e209b026baff33c96132c12936eb9fb6fcdef653e95b16e5ff90,16,3,16,15,15,15,15,15,k=M,0,0,1.0,1.0,1.0,0.0,0.0,1.0,1,1,1
r2-preflight-n16-d4-r0000,6e538957b0bb66454fed032ad9c854d6f9d5d62946c9b18e8f1383160baff068,16,4,1,4,4,4,4,4,k=1,0,0,1.0,1.0,1.0,0.0,0.0,1.0,1,1,1
r2-preflight-n16-d4-r0000,e15a8f6319afec921309889b3de192b7404667719ed1364938cd0dfa947f98f6,16,4,2,8,8,8,8,8,interior,0,0,1.0,1.0,1.0,0.0,0.0,1.0,1,1,1
r2-preflight-n16-d4-r0000,85c4260b8c42f59efc6523865bce6eec58dd5f9e3393b0599fba4632ad388fdf,16,4,3,11,12,12,12,12,interior,0,0,0.9166666666666666,0.9166666666666666,0.9166666666666666,0.0,0.0,1.0,0,0,0
r2-preflight-n16-d4-r0000,5adc69c451240c71ab35af02445a2083e2e6bfba13984aef390d6beec19b9f8d,16,4,4,14,16,16,16,16,interior,0,0,0.875,0.875,0.875,0.0,0.0,1.0,0,0,0
r2-preflight-n16-d4-r0000,766d157e4eaf7e2321fc22b5415d7b807d74c608b5d53d20579dbe80b6d371f6,16,4,6,16,16,16,16,16,interior,0,0,1.0,1.0,1.0,0.0,0.0,1.0,1,1,1
r2-preflight-n16-d4-r0000,22bc6887b92ce358039d482a207993a193758bf14c390ae7b4f970f282c063ba,16,4,8,16,16,16,16,16,interior,0,0,1.0,1.0,1.0,0.0,0.0,1.0,1,1,1
r2-preflight-n16-d4-r0000,098dfeb46221ceaeab4ce196550c08af023a2f065542964f23b69e83a31cc11b,16,4,16,16,16,16,16,16,k=M,0,0,1.0,1.0,1.0,0.0,0.0,1.0,1,1,1
r2-preflight-n16-d4-r0001,6c8ae68a067569c2168445e7074ee7db9686a2c3c5abd43a88d3bb16cec69d34,16,4,1,4,4,4,4,4,k=1,0,0,1.0,1.0,1.0,0.0,0.0,1.0,1,1,1
r2-preflight-n16-d4-r0001,9d98996717041cc698f04b360d6a6efe3892a7b0416557f7485d7aa6df03d6ef,16,4,2,8,8,8,8,8,interior,0,0,1.0,1.0,1.0,0.0,0.0,1.0,1,1,1
r2-preflight-n16-d4-r0001,c0b3e81e0204e3f2a94d56792326e043d0fe130e570c4717a14d34037d84e51d,16,4,3,12,12,12,12,12,interior,0,0,1.0,1.0,1.0,0.0,0.0,1.0,1,1,1
r2-preflight-n16-d4-r0001,287744225d01150279361631444f150e99cb7e8bf846da6a8b8288270b8ff000,16,4,4,14,14,16,16,16,interior,0,0,0.875,0.875,0.875,0.0,0.0,1.1428571428571428,0,0,0
r2-preflight-n16-d4-r0001,8f73292a8a7b6bda5276761a74ebb420bd5e3d173ce600a3d41d36d21e0d8767,16,4,6,16,16,16,16,16,interior,0,0,1.0,1.0,1.0,0.0,0.0,1.0,1,1,1
r2-preflight-n16-d4-r0001,44f48135cf05db4fda1075ba21a7f25e7fd817126385a6ddac2e87792fc79f50,16,4,8,16,16,16,16,16,interior,0,0,1.0,1.0,1.0,0.0,0.0,1.0,1,1,1
r2-preflight-n16-d4-r0001,0d622e09fd21c278da8d7dc2dff7a2282dc5cd557081c3d5afd72086b71a80d1,16,4,16,16,16,16,16,16,k=M,0,0,1.0,1.0,1.0,0.0,0.0,1.0,1,1,1
r2-preflight-n20-d2-r0000,2e88a2bd774b42d10cf56f7f094285b023e11b99dd09e4a9ebd50ccd2df91986,20,2,1,2,2,2,2,2,k=1,0,0,1.0,1.0,1.0,0.0,0.0,1.0,1,1,1
r2-preflight-n20-d2-r0000,3dd897d7e5ea56baebee99a393a0783ccdc531dce24e74eed7cdc4a8a275ee24,20,2,3,6,6,6,6,6,interior,0,0,1.0,1.0,1.0,0.0,0.0,1.0,1,1,1
r2-preflight-n20-d2-r0000,1c24901248766164a0b20fb4bded3e3ef0c6f380b303bed65c58c114c8def300,20,2,5,10,10,10,10,10,interior,0,0,1.0,1.0,1.0,0.0,0.0,1.0,1,1,1
r2-preflight-n20-d2-r0000,592da7fe78639eb71acd947b2aa7fc39082ec04f7eeb66b8ba35b7f3276cb3ec,20,2,8,15,16,16,16,16,interior,0,0,0.9375,0.9375,0.9375,0.0,0.0,1.0,0,0,0
r2-preflight-n20-d2-r0000,d4a862f1eb03c86b37f72fdf74a5543a3f27995025a2d6621dff5c37a30624fc,20,2,10,17,19,19,19,19,interior,0,0,0.8947368421052632,0.8947368421052632,0.8947368421052632,0.0,0.0,1.0,0,0,0
r2-preflight-n20-d2-r0000,bb94cb00f34e777ed1c94ff5f20e0fc9f121a058dfb9220c8bfd81cfe21e8676,20,2,15,19,19,19,19,19,interior,0,0,1.0,1.0,1.0,0.0,0.0,1.0,1,1,1
r2-preflight-n20-d2-r0000,e87d1ce7e8beb2fd6df54c3f1ff1abb81d14f7457cad01b91323c37d1fe1ff72,20,2,20,19,19,19,19,19,k=M,0,0,1.0,1.0,1.0,0.0,0.0,1.0,1,1,1
r2-preflight-n20-d2-r0001,a6d1280c3e4c7a461f115bf102448e1180559b3cc46c6b8a35afb592d79d8f95,20,2,1,2,2,2,2,2,k=1,0,0,1.0,1.0,1.0,0.0,0.0,1.0,1,1,1
r2-preflight-n20-d2-r0001,3d8750561dc313f914de4fb0b0bc09fcb90e7ccbd1f744522e8a750a4317c781,20,2,3,6,6,6,6,6,interior,0,0,1.0,1.0,1.0,0.0,0.0,1.0,1,1,1
r2-preflight-n20-d2-r0001,3577a4738c946e1b8c3a48df4255190cf30b47c006b5e86f95b255ec4a7fdd6a,20,2,5,10,10,10,10,10,interior,0,0,1.0,1.0,1.0,0.0,0.0,1.0,1,1,1
r2-preflight-n20-d2-r0001,cfeababafad2fba459657906be9a023b48a554fda440c61abdb71d1814a48371,20,2,8,15,16,16,16,16,interior,0,0,0.9375,0.9375,0.9375,0.0,0.0,1.0,0,0,0
r2-preflight-n20-d2-r0001,2f5990bd4d60e2b584ec51329c6bc71c11f357c66e8c62a6abb75374581763b3,20,2,10,16,16,16,16,16,interior,0,0,1.0,1.0,1.0,0.0,0.0,1.0,1,1,1
r2-preflight-n20-d2-r0001,c79f192eab766406b2621d42524d1c5effea9966109c6221de1c2e42fec0e37d,20,2,15,16,16,16,16,16,interior,0,0,1.0,1.0,1.0,0.0,0.0,1.0,1,1,1
r2-preflight-n20-d2-r0001,fc8a7828eb0d2a14a031e9cef2f6963a98d045b35b9121ea3653e14e9397e79d,20,2,20,16,16,16,16,16,k=M,0,0,1.0,1.0,1.0,0.0,0.0,1.0,1,1,1
r2-preflight-n20-d3-r0000,a00f2668ba72adfeab179a8428baecca8e0b8782b073ddec04a771785b28f7fb,20,3,1,3,3,3,3,3,k=1,0,0,1.0,1.0,1.0,0.0,0.0,1.0,1,1,1
r2-preflight-n20-d3-r0000,3a2e585349f4c950154ad791f158b25d0cee167ffb7864f415bfde79f982adc5,20,3,2,6,6,6,6,6,interior,0,0,1.0,1.0,1.0,0.0,0.0,1.0,1,1,1
r2-preflight-n20-d3-r0000,ce38b9fe96719c04860ab0a1ed52baa4f3342b5e95967456fad4f94ddbf7d4d7,20,3,4,12,12,12,12,12,interior,0,0,1.0,1.0,1.0,0.0,0.0,1.0,1,1,1
r2-preflight-n20-d3-r0000,dd17f43e0adeef82895b33f4963b9777b612196af6984028d0dd27c2e5953630,20,3,5,14,15,15,15,15,interior,0,0,0.9333333333333333,0.9333333333333333,0.9333333333333333,0.0,0.0,1.0,0,0,0
r2-preflight-n20-d3-r0000,93ce9f97e8979322e92d26bf4d020585a2c9ae4599e9da13bb203f54dd4d806c,20,3,7,18,18,18,18,18,interior,0,0,1.0,1.0,1.0,0.0,0.0,1.0,1,1,1
r2-preflight-n20-d3-r0000,276ac7660b6135acc1899bdc0f0c3680ff33f86ae1c6f4c9051ee1004bbcce4c,20,3,10,18,18,18,18,18,interior,0,0,1.0,1.0,1.0,0.0,0.0,1.0,1,1,1
r2-preflight-n20-d3-r0000,2a56d912e4181e913c46c210e1524708e1eaaaad5bb35a1900122a1c6fe97342,20,3,14,18,18,18,18,18,interior,0,0,1.0,1.0,1.0,0.0,0.0,1.0,1,1,1
r2-preflight-n20-d3-r0000,03c9c4afb9372f5cb2ed1502b15077a908d79cb3f4c5e55d53d7a0ecfe254587,20,3,20,18,18,18,18,18,k=M,0,0,1.0,1.0,1.0,0.0,0.0,1.0,1,1,1
r2-preflight-n20-d3-r0001,0fdc8fd98de0c1d508cab06206aa01a75d03e8b4db5878ae31b1bc0805800ea1,20,3,1,3,3,3,3,3,k=1,0,0,1.0,1.0,1.0,0.0,0.0,1.0,1,1,1
r2-preflight-n20-d3-r0001,44f4351521433c66147342d12449aca13e8324a8390e99b4eb65250b4f335e27,20,3,2,6,6,6,6,6,interior,0,0,1.0,1.0,1.0,0.0,0.0,1.0,1,1,1
r2-preflight-n20-d3-r0001,879364f9de3fb773b38622164b6c78531ded5e3549ea157858d2ef21fc71843f,20,3,4,12,12,12,12,12,interior,0,0,1.0,1.0,1.0,0.0,0.0,1.0,1,1,1
r2-preflight-n20-d3-r0001,0993e8de1416b5285707830e3e679280a0b091bf5a2213b330837710e2a47c1a,20,3,5,14,15,15,15,15,interior,0,0,0.9333333333333333,0.9333333333333333,0.9333333333333333,0.0,0.0,1.0,0,0,0
r2-preflight-n20-d3-r0001,0b40dfca581599aa607a4e7e378eabf3c8c2611903bcdd9a8cd28ed6fb556e7f,20,3,7,17,17,18,18,18,interior,0,0,0.9444444444444444,0.9444444444444444,0.9444444444444444,0.0,0.0,1.0588235294117647,0,0,0
r2-preflight-n20-d3-r0001,23e546f9bad731e05c1390213eedf4b431e09bb28cc0b51dcbb70ee3b43ed3ba,20,3,10,18,18,18,18,18,interior,0,0,1.0,1.0,1.0,0.0,0.0,1.0,1,1,1
r2-preflight-n20-d3-r0001,3064da743ce0fa5ffb85aad7b27052f6a2f5fce608f6d9c43e95913b340654a8,20,3,14,18,18,18,18,18,interior,0,0,1.0,1.0,1.0,0.0,0.0,1.0,1,1,1
r2-preflight-n20-d3-r0001,c3e4aaff9d2fe3e29a9c6cb9f45fe9ee34b9bf83e026784163912fd7579da1fa,20,3,20,18,18,18,18,18,k=M,0,0,1.0,1.0,1.0,0.0,0.0,1.0,1,1,1
r2-preflight-n20-d4-r0000,fc8eb9ecc415cced07a26f84e02687c5bd27f28296dcadece8d1289ea8675483,20,4,1,4,4,4,4,4,k=1,0,0,1.0,1.0,1.0,0.0,0.0,1.0,1,1,1
r2-preflight-n20-d4-r0000,be56fc5be5f396674f34994a01d5a7e9718a1573bcb4f4d260639ea59516bf51,20,4,2,8,8,8,8,8,interior,0,0,1.0,1.0,1.0,0.0,0.0,1.0,1,1,1
r2-preflight-n20-d4-r0000,022ef9a839f675ac3bbde3136a093e41dd74dae8621c8effaa9612bc32b06acf,20,4,3,12,12,12,12,12,interior,0,0,1.0,1.0,1.0,0.0,0.0,1.0,1,1,1
r2-preflight-n20-d4-r0000,7bf6ea5eaba6aedbd85ceab39f69c134f2e875faa16f96815fcf9777e46e207b,20,4,4,15,15,16,16,16,interior,0,0,0.9375,0.9375,0.9375,0.0,0.0,1.0666666666666667,0,0,0
r2-preflight-n20-d4-r0000,bc404eed956a6859e13c4fd7414987276a60d0ac0748f0ca20930c0a62187daa,20,4,5,17,18,20,20,20,interior,0,0,0.85,0.85,0.85,0.0,0.0,1.1111111111111112,0,0,0
r2-preflight-n20-d4-r0000,2960db8df0287fb4d10a1b53ba45548c4cd72b49e693386033ea34adc7dba6e4,20,4,8,20,20,20,20,20,interior,0,0,1.0,1.0,1.0,0.0,0.0,1.0,1,1,1
r2-preflight-n20-d4-r0000,dc9c2a3e4dfd43b9d5badc1a10067193c439ef177a8a248013062f8624f5e63d,20,4,10,20,20,20,20,20,interior,0,0,1.0,1.0,1.0,0.0,0.0,1.0,1,1,1
r2-preflight-n20-d4-r0000,4926020922a7e21ec41007234c2b1ebcd203ece7bea4d8ad72b336d0cc8f9fa5,20,4,20,20,20,20,20,20,k=M,0,0,1.0,1.0,1.0,0.0,0.0,1.0,1,1,1
r2-preflight-n20-d4-r0001,882fdde4b36143f94487a2e5d8e545160782db49335947aa91da1ffb025a73b9,20,4,1,4,4,4,4,4,k=1,0,0,1.0,1.0,1.0,0.0,0.0,1.0,1,1,1
r2-preflight-n20-d4-r0001,576561300844a9c82a6d3081f1e1fa22cea1c29dc6a3f7b7cf535010ee7bfdce,20,4,2,8,8,8,8,8,interior,0,0,1.0,1.0,1.0,0.0,0.0,1.0,1,1,1
r2-preflight-n20-d4-r0001,e6e969799f73b2afc1ca1a007b46b61645c7214200ac6ad3ef34aac36d50523e,20,4,3,12,12,12,12,12,interior,0,0,1.0,1.0,1.0,0.0,0.0,1.0,1,1,1
r2-preflight-n20-d4-r0001,9e6efc071d7ad7f7fc800cd2f3c6772b15f908bdd530049e630705a27bde7c9c,20,4,4,15,15,16,16,16,interior,0,0,0.9375,0.9375,0.9375,0.0,0.0,1.0666666666666667,0,0,0
r2-preflight-n20-d4-r0001,64bbc49c1f481942dfe334ffca67425631c6cb0304e137b6ddbf71e195f8a9e4,20,4,5,17,17,19,19,19,interior,0,0,0.8947368421052632,0.8947368421052632,0.8947368421052632,0.0,0.0,1.1176470588235294,0,0,0
r2-preflight-n20-d4-r0001,c294f681698be4efda01322ea149be46bf9f71555f0a822106bafb75902c199b,20,4,8,19,19,19,19,19,interior,0,0,1.0,1.0,1.0,0.0,0.0,1.0,1,1,1
r2-preflight-n20-d4-r0001,24fc818422563f59a8713802ac0ed7d8828be4c571fc5ff0c56c609f62ce24a5,20,4,10,19,19,19,19,19,interior,0,0,1.0,1.0,1.0,0.0,0.0,1.0,1,1,1
r2-preflight-n20-d4-r0001,d584f256f4ad8ea7e112382a7c997f28e9a2c18f4cc0ac8741f864a11b08fa96,20,4,20,19,19,19,19,19,k=M,0,0,1.0,1.0,1.0,0.0,0.0,1.0,1,1,1
