n,d,k,lambda,count,failures,failure_rate,failure_lower,failure_upper,mean_greedy,mean_optimum,ratio_of_means,ratio_of_means_lower,ratio_of_means_upper,mean_ratio,mean_ratio_lower,mean_ratio_upper,mean_relative_gap,mean_relative_gap_lower,mean_relative_gap_upper,mean_absolute_loss,mean_absolute_loss_lower,mean_absolute_loss_upper
12,2,1,0.16666666666666666,200,0,0.0,0.0,0.018275340355136237,2.0,2.0,1.0,1.0,1.0,1.0,1.0,1.0,0.0,0.0,0.0,0.0,0.0,0.0
12,2,2,0.3333333333333333,200,0,0.0,0.0,0.018275340355136237,4.0,4.0,1.0,1.0,1.0,1.0,1.0,1.0,0.0,0.0,0.0,0.0,0.0,0.0
12,2,3,0.5,200,1,0.005,0.00012658102786701825,0.02754189845720562,5.995,6.0,0.9991666666666666,0.9975,1.0,0.9991666666666668,0.9975,1.0,0.0008333333333333333,0.0,0.0025,0.005,0.0,0.015
12,2,5,0.8333333333333334,200,107,0.535,0.46329985778832117,0.6056472647385431,9.02,9.615,0.9381175247009881,0.9295336787564766,0.9464378575143005,0.9390416666666668,0.9305416666666667,0.9473194444444445,0.06095833333333333,0.05268055555555556,0.06945833333333333,0.595,0.515,0.68
12,2,6,1.0,200,91,0.455,0.38461304203891705,0.5267407524810115,9.905,10.405,0.9519461797212878,0.9444976076555024,0.9593023255813954,0.9540681818181818,0.9466590909090908,0.9612882575757575,0.045931818181818185,0.038711742424242426,0.05334090909090909,0.5,0.42,0.58
12,2,9,1.5,200,0,0.0,0.0,0.018275340355136237,10.605,10.605,1.0,1.0,1.0,1.0,1.0,1.0,0.0,0.0,0.0,0.0,0.0,0.0
12,2,12,2.0,200,0,0.0,0.0,0.018275340355136237,10.605,10.605,1.0,1.0,1.0,1.0,1.0,1.0,0.0,0.0,0.0,0.0,0.0,0.0
12,3,1,0.25,200,0,0.0,0.0,0.018275340355136237,3.0,3.0,1.0,1.0,1.0,1.0,1.0,1.0,0.0,0.0,0.0,0.0,0.0,0.0
12,3,2,0.5,200,1,0.005,0.00012658102786701825,0.02754189845720562,5.995,6.0,0.9991666666666666,0.9975,1.0,0.9991666666666665,0.9975,1.0,0.0008333333333333333,0.0,0.0025,0.005,0.0,0.015
12,3,3,0.75,200,82,0.41,0.34113064567146767,0.4815784147872211,8.56,8.975,0.9537604456824512,0.9459610027855153,0.9614955357142857,0.9538888888888889,0.9461111111111111,0.9616666666666667,0.04611111111111111,0.03833333333333334,0.053888888888888896,0.415,0.345,0.485
12,3,4,1.0,200,98,0.49,0.41882251520548525,0.5614782774378337,10.255,10.79,0.9504170528266914,0.943002780352178,0.9577922077922078,0.9509696969696969,0.9436666666666667,0.9582651515151513,0.049030303030303035,0.041734848484848486,0.05633333333333334,0.535,0.455,0.615
12,3,6,1.5,200,7,0.035,0.014185525898419246,0.0707809983509772,11.545,11.58,0.9969775474956822,0.9947848761408083,0.9991315769437208,0.9970833333333333,0.995,0.9991666666666665,0.0029166666666666664,0.0008333333333333333,0.005,0.035,0.01,0.06
12,3,8,2.0,200,0,0.0,0.0,0.018275340355136237,11.58,11.58,1.0,1.0,1.0,1.0,1.0,1.0,0.0,0.0,0.0,0.0,0.0,0.0
12,3,12,3.0,200,0,0.0,0.0,0.018275340355136237,11.58,11.58,1.0,1.0,1.0,1.0,1.0,1.0,0.0,0.0,0.0,0.0,0.0,0.0
12,4,1,0.3333333333333333,200,0,0.0,0.0,0.018275340355136237,4.0,4.0,1.0,1.0,1.0,1.0,1.0,1.0,0.0,0.0,0.0,0.0,0.0,0.0
12,4,2,0.6666666666666666,200,38,0.19,0.13810312537283967,0.25133151862374414,7.81,8.0,0.97625,0.969375,0.983125,0.97625,0.969375,0.983125,0.02375,0.016875,0.030625,0.19,0.135,0.245
12,4,3,1.0,200,113,0.565,0.49326120781247285,0.6347829308303482,10.265,10.92,0.940018315018315,0.9320247718353449,0.9480698529411765,0.9409545454545455,0.9330528409090907,0.9489092803030302,0.059045454545454554,0.051090719696969704,0.06694715909090909,0.655,0.565,0.745
12,4,5,1.6666666666666667,200,3,0.015,0.003104107621553509,0.0432082819177126,11.905,11.92,0.9987416107382551,0.9970649895178197,1.0,0.99875,0.9970833333333333,1.0,0.00125,0.0,0.0029166666666666664,0.015,0.0,0.035
12,4,6,2.0,200,0,0.0,0.0,0.018275340355136237,11.92,11.92,1.0,1.0,1.0,1.0,1.0,1.0,0.0,0.0,0.0,0.0,0.0,0.0
12,4,12,4.0,200,0,0.0,0.0,0.018275340355136237,11.92,11.92,1.0,1.0,1.0,1.0,1.0,1.0,0.0,0.0,0.0,0.0,0.0,0.0
16,2,1,0.125,200,0,0.0,0.0,0.018275340355136237,2.0,2.0,1.0,1.0,1.0,1.0,1.0,1.0,0.0,0.0,0.0,0.0,0.0,0.0
16,2,2,0.25,200,0,0.0,0.0,0.018275340355136237,4.0,4.0,1.0,1.0,1.0,1.0,1.0,1.0,0.0,0.0,0.0,0.0,0.0,0.0
16,2,4,0.5,200,1,0.005,0.00012658102786701825,0.02754189845720562,7.995,8.0,0.999375,0.998125,1.0,0.999375,0.998125,1.0,0.000625,0.0,0.001875,0.005,0.0,0.015
16,2,6,0.75,200,93,0.465,0.3943527352614569,0.5367001422116788,11.345,11.905,0.9529609407811844,0.9450733752620545,0.9605539236256819,0.9530303030303031,0.9451515151515152,0.9606060606060606,0.046969696969696974,0.03939393939393939,0.05484848484848484,0.56,0.47,0.655
16,2,8,1.0,200,97,0.485,0.41391482961504394,0.5565363642507839,13.29,13.87,0.9581831290555155,0.9516129032258065,0.9645187859222796,0.9595320512820513,0.9530444253663004,0.9657806547619048,0.04046794871794871,0.034219345238095236,0.04695557463369963,0.58,0.49,0.675
16,2,12,1.5,200,0,0.0,0.0,0.018275340355136237,14.115,14.115,1.0,1.0,1.0,1.0,1.0,1.0,0.0,0.0,0.0,0.0,0.0,0.0
16,2,16,2.0,200,0,0.0,0.0,0.018275340355136237,14.115,14.115,1.0,1.0,1.0,1.0,1.0,1.0,0.0,0.0,0.0,0.0,0.0,0.0
16,3,1,0.1875,200,0,0.0,0.0,0.018275340355136237,3.0,3.0,1.0,1.0,1.0,1.0,1.0,1.0,0.0,0.0,0.0,0.0,0.0,0.0
16,3,2,0.375,200,0,0.0,0.0,0.018275340355136237,6.0,6.0,1.0,1.0,1.0,1.0,1.0,1.0,0.0,0.0,0.0,0.0,0.0,0.0
16,3,3,0.5625,200,8,0.04,0.017424808994480595,0.07729196822601608,8.96,9.0,0.9955555555555555,0.9922222222222222,0.9983333333333333,0.9955555555555555,0.9922222222222223,0.9983333333333333,0.0044444444444444444,0.0016666666666666666,0.007777777777777777,0.04,0.015,0.07
16,3,4,0.75,200,112,0.56,0.488250269074697,0.6299444206609561,11.36,11.96,0.9498327759197325,0.9431675720852486,0.9561586638830898,0.9499242424242423,0.9432954545454544,0.95625,0.05007575757575758,0.04375,0.05670454545454546,0.6,0.525,0.68
16,3,6,1.125,200,125,0.625,0.5539486258174144,0.6922861517823592,14.25,15.015,0.949050949050949,0.9427996573088165,0.9552886219552886,0.9497500000000001,0.9434612351190477,0.9560029761904763,0.05024999999999999,0.043997023809523805,0.056538764880952365,0.765,0.67,0.86
16,3,8,1.5,200,7,0.035,0.014185525898419246,0.0707809983509772,15.305,15.34,0.9977183833116037,0.996048736192656,0.9993446920052425,0.9977708333333334,0.9960593749999999,0.9993338541666668,0.0022291666666666666,0.0006661458333333338,0.003940624999999954,0.035,0.01,0.06012499999999818
16,3,11,2.0625,200,0,0.0,0.0,0.018275340355136237,15.34,15.34,1.0,1.0,1.0,1.0,1.0,1.0,0.0,0.0,0.0,0.0,0.0,0.0
16,3,16,3.0,200,0,0.0,0.0,0.018275340355136237,15.34,15.34,1.0,1.0,1.0,1.0,1.0,1.0,0.0,0.0,0.0,0.0,0.0,0.0
16,4,1,0.25,200,0,0.0,0.0,0.018275340355136237,4.0,4.0,1.0,1.0,1.0,1.0,1.0,1.0,0.0,0.0,0.0,0.0,0.0,0.0
16,4,2,0.5,200,3,0.015,0.003104107621553509,0.0432082819177126,7.985,8.0,0.998125,0.995625,1.0,0.998125,0.995625,1.0,0.001875,0.0,0.004375,0.015,0.0,0.035
16,4,3,0.75,200,115,0.575,0.5033041318348099,0.6444388227412945,11.385,11.985,0.9499374217772215,0.9437265527303043,0.9561586638830898,0.9499621212121212,0.94375,0.9561751893939395,0.05003787878787879,0.043824810606060596,0.05625,0.6,0.525,0.675
16,4,4,1.0,200,124,0.62,0.548851242083448,0.6875345648223296,13.67,14.46,0.9453665283540802,0.9386841198759903,0.952133609523136,0.9460803571428572,0.9394223214285716,0.9527740327380954,0.05391964285714286,0.047225967261904755,0.06057767857142857,0.79,0.69,0.89
16,4,6,1.5,200,18,0.09,0.05421425445609636,0.13850820847382211,15.695,15.785,0.994298384542287,0.9917591125198099,0.9968193384223919,0.9943541666666667,0.9918125000000001,0.9968333333333333,0.005645833333333333,0.0031666666666666666,0.0081875,0.09,0.05,0.13
16,4,8,2.0,200,0,0.0,0.0,0.018275340355136237,15.785,15.785,1.0,1.0,1.0,1.0,1.0,1.0,0.0,0.0,0.0,0.0,0.0,0.0
16,4,16,4.0,200,0,0.0,0.0,0.018275340355136237,15.785,15.785,1.0,1.0,1.0,1.0,1.0,1.0,0.0,0.0,0.0,0.0,0.0,0.0
20,2,1,0.1,200,0,0.0,0.0,0.018275340355136237,2.0,2.0,1.0,1.0,1.0,1.0,1.0,1.0,0.0,0.0,0.0,0.0,0.0,0.0
20,2,3,0.3,200,0,0.0,0.0,0.018275340355136237,6.0,6.0,1.0,1.0,1.0,1.0,1.0,1.0,0.0,0.0,0.0,0.0,0.0,0.0
20,2,5,0.5,200,1,0.005,0.00012658102786701825,0.02754189845720562,9.995,10.0,0.9995,0.9985,1.0,0.9995,0.9984999999999999,1.0,0.0005,0.0,0.0015000000000000002,0.005,0.0,0.015
20,2,8,0.8,200,128,0.64,0.5692860539812826,0.7064952791088333,14.73,15.585,0.9451395572666025,0.9381176054457679,0.9519076627124078,0.9456279761904761,0.9386598958333333,0.9523541666666668,0.0543720238095238,0.04764583333333333,0.06134010416666665,0.855,0.75,0.965
20,2,10,1.0,200,96,0.48,0.4090139996380062,0.551587601339426,16.645,17.27,0.9638100752750435,0.9579368197617169,0.9695995555737604,0.9649005632954936,0.9590547976866185,0.9705599979575165,0.03509943670450636,0.02944000204248366,0.040945202313381494,0.625,0.525,0.73
20,2,15,1.5,200,0,0.0,0.0,0.018275340355136237,17.59,17.59,1.0,1.0,1.0,1.0,1.0,1.0,0.0,0.0,0.0,0.0,0.0,0.0
20,2,20,2.0,200,0,0.0,0.0,0.018275340355136237,17.59,17.59,1.0,1.0,1.0,1.0,1.0,1.0,0.0,0.0,0.0,0.0,0.0,0.0
20,3,1,0.15,200,0,0.0,0.0,0.018275340355136237,3.0,3.0,1.0,1.0,1.0,1.0,1.0,1.0,0.0,0.0,0.0,0.0,0.0,0.0
20,3,2,0.3,200,0,0.0,0.0,0.018275340355136237,6.0,6.0,1.0,1.0,1.0,1.0,1.0,1.0,0.0,0.0,0.0,0.0,0.0,0.0
20,3,4,0.6,200,22,0.11,0.07023316352921176,0.16179621556950016,11.885,12.0,0.9904166666666666,0.98625,0.9941666666666666,0.9904166666666666,0.98625,0.9941666666666665,0.009583333333333333,0.005833333333333333,0.013749999999999998,0.115,0.07,0.165
20,3,5,0.75,200,130,0.65,0.5795493775220064,0.715929329677058,14.2,14.935,0.9507867425510546,0.9451137884872824,0.9564343163538874,0.9508571428571428,0.9451904761904762,0.9565238095238096,0.04914285714285715,0.04347619047619048,0.05480952380952381,0.735,0.65,0.82
20,3,7,1.05,200,144,0.72,0.6523112627953918,0.781038844329967,17.34,18.345,0.9452166802943581,0.9393197278911565,0.9509993762071457,0.9455702614379087,0.9396908195734435,0.9513743442552461,0.054429738562091504,0.04862565574475404,0.06030918042655658,1.005,0.9,1.115
20,3,10,1.5,200,7,0.035,0.014185525898419246,0.0707809983509772,19.105,19.145,0.9979106816401149,0.996089651255586,0.999219968798752,0.9979605263157895,0.9961973684210526,0.9992500000000001,0.0020394736842105268,0.0007500000000000001,0.0038026315789473687,0.04,0.015,0.075
20,3,14,2.1,200,0,0.0,0.0,0.018275340355136237,19.145,19.145,1.0,1.0,1.0,1.0,1.0,1.0,0.0,0.0,0.0,0.0,0.0,0.0
20,3,20,3.0,200,0,0.0,0.0,0.018275340355136237,19.145,19.145,1.0,1.0,1.0,1.0,1.0,1.0,0.0,0.0,0.0,0.0,0.0,0.0
20,4,1,0.2,200,0,0.0,0.0,0.018275340355136237,4.0,4.0,1.0,1.0,1.0,1.0,1.0,1.0,0.0,0.0,0.0,0.0,0.0,0.0
20,4,2,0.4,200,0,0.0,0.0,0.018275340355136237,8.0,8.0,1.0,1.0,1.0,1.0,1.0,1.0,0.0,0.0,0.0,0.0,0.0,0.0
20,4,3,0.6,200,32,0.16,0.11208749764580186,0.2182990153513408,11.84,12.0,0.9866666666666667,0.9825,0.9908333333333333,0.9866666666666666,0.9824999999999998,0.9908333333333332,0.013333333333333332,0.009166666666666665,0.0175,0.16,0.11,0.21
20,4,4,0.8,200,146,0.73,0.6628474093126694,0.7901966625338547,14.91,15.795,0.9439696106362773,0.9384080859128238,0.949763793698053,0.9443541666666667,0.93875,0.9501666666666666,0.05564583333333333,0.049833333333333334,0.06125,0.885,0.795,0.975
20,4,5,1.0,200,144,0.72,0.6523112627953918,0.781038844329967,17.105,18.08,0.9460730088495575,0.9400768363156767,0.952024403771492,0.946420708634331,0.9404625042999657,0.9523073615411077,0.05357929136566907,0.04769263845889233,0.0595374957000344,0.975,0.865,1.085
20,4,8,1.6,200,8,0.04,0.017424808994480595,0.07729196822601608,19.755,19.795,0.9979792876989139,0.9964673227353016,0.9992424242424243,0.998,0.9965,0.9992500000000001,0.002,0.0007500000000000001,0.0034999999999999996,0.04,0.015,0.07
20,4,10,2.0,200,0,0.0,0.0,0.018275340355136237,19.795,19.795,1.0,1.0,1.0,1.0,1.0,1.0,0.0,0.0,0.0,0.0,0.0,0.0
20,4,20,4.0,200,0,0.0,0.0,0.018275340355136237,19.795,19.795,1.0,1.0,1.0,1.0,1.0,1.0,0.0,0.0,0.0,0.0,0.0,0.0
