config_hash,repetition,treatment_case_id,treatment_instance_id,treatment_effective_seed,treatment_greedy_coverage,treatment_exact_optimum,treatment_failure,treatment_gap,treatment_pairwise_overlap_mean_jaccard,treatment_actual_density,treatment_mean_set_size,treatment_covered_element_count,treatment_coverage_skew_gini,control_case_id,control_instance_id,control_effective_seed,control_greedy_coverage,control_exact_optimum,control_failure,control_gap,control_pairwise_overlap_mean_jaccard,control_actual_density,control_mean_set_size,control_covered_element_count,control_coverage_skew_gini
593d362a8a5bdcd8dc0366e9d1cb05238c6a07b8cc0c75419691511c53e8e17d,0,overlap,40c0c5afc4dda1a0df30227d6cc686bac187e48a119a83447e19eceb0fab3296,16941105954642047133,32,33,1,0.030303030303030304,0.5867122231633102,0.41796875,20.0625,39,0.4917478623980911,overlap_control,a09c34b66aa71b8293881ecadd3e2b10828a19e24bdfa0105f203c3ffdb60dd9,16941105954642047133,46,48,1,0.041666666666666664,0.2722022551985806,0.4166666666666667,20.0,48,0.18949468085106383
593d362a8a5bdcd8dc0366e9d1cb05238c6a07b8cc0c75419691511c53e8e17d,1,overlap,8a6d7aa05716e9e275a5aae3dbf6d0073fcbe627742b8d154335ad5495acde23,16941105954642047134,34,34,0,0.0,0.5876622418685762,0.4192708333333333,20.125,38,0.4957050350204837,overlap_control,f605f95c8641588bea61a29e52a2c2172490a381d959098567d6b16bb5f6be0f,16941105954642047134,47,48,1,0.020833333333333332,0.26262680696619073,0.42578125,20.4375,48,0.14281996226169563
593d362a8a5bdcd8dc0366e9d1cb05238c6a07b8cc0c75419691511c53e8e17d,2,overlap,8b383b2c06f74afe28a978a97367fb3145be0ad2f32d5d8c913f0148abafbd97,16941105954642047135,33,34,1,0.029411764705882353,0.5242940403849949,0.40234375,19.3125,40,0.4861943124698754,overlap_control,adef023aa611b4a54987b7897cf8cc3981565fb76ef3ab4386fbe90d3f9ba926,16941105954642047135,46,46,0,0.0,0.27142482337247353,0.4153645833333333,19.9375,48,0.18842126325618622
593d362a8a5bdcd8dc0366e9d1cb05238c6a07b8cc0c75419691511c53e8e17d,3,overlap,6fbf48a3b338a477323f8e939a4aa995161eef661988be01737974c01b46d817,16941105954642047136,32,32,0,0.0,0.6214959857641017,0.4231770833333333,20.3125,37,0.5099181669394436,overlap_control,c584841fc576f1648f2472b1d92048108ff4e12393c7eafbffcaf525690a4b38,16941105954642047136,47,48,1,0.020833333333333332,0.30098016114177145,0.45703125,21.9375,48,0.16178699157422563
593d362a8a5bdcd8dc0366e9d1cb05238c6a07b8cc0c75419691511c53e8e17d,4,overlap,a0ce61b3e540edcf79a8557ade2576e6049c480b947890a3a5cf4e8ff5b8f796,16941105954642047137,32,32,0,0.0,0.5903067364942053,0.4088541666666667,19.625,35,0.5114514161810544,overlap_control,1c691bb8cb1d3846acd861a1a2f28ed47da363130e9ed1bcc9f1f8943329bd77,16941105954642047137,47,48,1,0.020833333333333332,0.25403392471937036,0.4075520833333333,19.5625,48,0.16769764122085515
593d362a8a5bdcd8dc0366e9d1cb05238c6a07b8cc0c75419691511c53e8e17d,5,overlap,af1d4c117177a5631d0f9956fa6b50d2eb189e90a85a026f56c88aabc367b76f,16941105954642047138,34,36,1,0.05555555555555555,0.6143906340573008,0.4388020833333333,21.0625,40,0.4805227602752699,overlap_control,0c90388243a099057a60d2a6ea29c7af7f41959f738addbd5d3d1241a50891c8,16941105954642047138,48,48,0,0.0,0.2625673121516797,0.43359375,20.8125,48,0.12222861159031372
593d362a8a5bdcd8dc0366e9d1cb05238c6a07b8cc0c75419691511c53e8e17d,6,overlap,4fe832b7d0ef10ecdf008468d3ef30666f40dce726aea19ab7a8a03ab1bb4dd1,16941105954642047139,32,32,0,0.0,0.6394735791884093,0.42578125,20.4375,34,0.513045741427549,overlap_control,16019fba3fa1d3378da2191ce2d33e3554ec55aba327b062f4986b00e83508f2,16941105954642047139,48,48,0,0.0,0.2953906678358834,0.4596354166666667,22.0625,48,0.14785124465071425
593d362a8a5bdcd8dc0366e9d1cb05238c6a07b8cc0c75419691511c53e8e17d,7,overlap,cdff6e615ac8f928634d1971106a3cbe59516225b082752cf9d1d0e38c3c5f6a,16941105954642047140,33,33,0,0.0,0.6392976047473174,0.4401041666666667,21.125,38,0.4962860380208989,overlap_control,ba9895990e3a322b4da13d00898ace713773630803cae54d27fef4a759c9566f,16941105954642047140,48,48,0,0.0,0.2957302763954492,0.4544270833333333,21.8125,48,0.14881424129732365
593d362a8a5bdcd8dc0366e9d1cb05238c6a07b8cc0c75419691511c53e8e17d,8,overlap,a28a1bf8ba4bbf6fc9a95bb82bb92268498c1f3d71d40cfa6841fe70599d03d2,16941105954642047141,32,32,0,0.0,0.6058785601140674,0.421875,20.25,37,0.5045967953769372,overlap_control,8f1a406694a849ad32c641237e83de5be58775677007e8d5b8f8cbf6c8d46a1c,16941105954642047141,47,48,1,0.020833333333333332,0.2707859149985092,0.4388020833333333,21.0625,48,0.12683881558179178
593d362a8a5bdcd8dc0366e9d1cb05238c6a07b8cc0c75419691511c53e8e17d,9,overlap,e079a5e27481ede58a7627b4f9edbc88d0ef8391c65ab63f06276292001eeb47,16941105954642047142,32,32,0,0.0,0.6127322714492781,0.4205729166666667,20.1875,36,0.5043804755944932,overlap_control,964e90efb8499d7a8532a00bcf62b0f0bc1b1a898670ae6d5b4b022b8e465d2f,16941105954642047142,48,48,0,0.0,0.29331994238304165,0.4505208333333333,21.625,48,0.16418644693149675
593d362a8a5bdcd8dc0366e9d1cb05238c6a07b8cc0c75419691511c53e8e17d,10,overlap,a019405646cf06be4418ddc50faf6299d278fc9ee83e9379163acdb0b93fd0d3,16941105954642047143,32,33,1,0.030303030303030304,0.6189881947947291,0.4283854166666667,20.5625,36,0.5007437107935071,overlap_control,877cd1c7d11b66b352ef7f72ad8ba1f08db0e66687fa5b86a109764a9ebbeb48,16941105954642047143,48,48,0,0.0,0.29811287875369713,0.4596354166666667,22.0625,48,0.1505032849135073
593d362a8a5bdcd8dc0366e9d1cb05238c6a07b8cc0c75419691511c53e8e17d,11,overlap,c05e8ab28c79d74d3f4d10340c2606fb136b6e7060cc2a9b3cc28185c82308ed,16941105954642047144,37,37,0,0.0,0.6087475258604639,0.43359375,20.8125,40,0.4921730240879177,overlap_control,ce66a719f5bd81c704fa6b052ef79fdc7e8f22754c5a7c3d958af8ce3414c1d1,16941105954642047144,48,48,0,0.0,0.2902756545727848,0.4557291666666667,21.875,48,0.13349544072948327
593d362a8a5bdcd8dc0366e9d1cb05238c6a07b8cc0c75419691511c53e8e17d,12,overlap,59d309d5bf775321759c9e7612a67a570066f850d0979cfcb5f0acfd08523ccc,16941105954642047145,29,29,0,0.0,0.6236075807579431,0.40625,19.5,31,0.5334151663938898,overlap_control,8c2e5ee993efa4a942e4e63ed6be07cc2dd05a036a50e3019100e612df111514,16941105954642047145,48,48,0,0.0,0.2656959951111359,0.4388020833333333,21.0625,48,0.11610581476103289
593d362a8a5bdcd8dc0366e9d1cb05238c6a07b8cc0c75419691511c53e8e17d,13,overlap,944a131ba5815f927334ca33eae075ba87010a17da7322a081723c245d2a26c1,16941105954642047146,32,32,0,0.0,0.606860701903368,0.41796875,20.0625,35,0.5093789355073904,overlap_control,9fd4ef799456aff8334019d6c48c07635266692a13320a3fe1d2c9c74b6e9b56,16941105954642047146,48,48,0,0.0,0.25375828512654797,0.4088541666666667,19.625,48,0.16574061525952025
593d362a8a5bdcd8dc0366e9d1cb05238c6a07b8cc0c75419691511c53e8e17d,14,overlap,918cd88375b95551efaebece7405d1108afb85e879e9059db8e2478d040cbe15,16941105954642047147,32,32,0,0.0,0.5890860185610935,0.4127604166666667,19.8125,37,0.5052016913886838,overlap_control,c30d9a2d05ee2d7cabdbf84a8e7d7cdf2021beac465bc360c46fce662f817bef,16941105954642047147,48,48,0,0.0,0.25450114921275613,0.4153645833333333,19.9375,48,0.15560594944307343
593d362a8a5bdcd8dc0366e9d1cb05238c6a07b8cc0c75419691511c53e8e17d,15,overlap,28940c81d5ad0057765cfc874e9ac97f2feba2fd3db41a891206229a134d7632,16941105954642047148,35,36,1,0.027777777777777776,0.5979792486787255,0.4309895833333333,20.6875,39,0.4929613678729832,overlap_control,91f41fdf2ac2721f3cde308da50b8076ebb3ab7b0e99bc95972570cb3106b4ea,16941105954642047148,48,48,0,0.0,0.275173434847877,0.4283854166666667,20.5625,48,0.16781995731746752
593d362a8a5bdcd8dc0366e9d1cb05238c6a07b8cc0c75419691511c53e8e17d,16,overlap,0b13825350786855767a1829c8b2fbc8fde64a4288af3622a9edd71b8b48a7bb,16941105954642047149,31,33,1,0.06060606060606061,0.5836972705903866,0.4231770833333333,20.3125,39,0.48543371522094925,overlap_control,761339b7106565ffa341e6ef9526d83e7b74cdfe57d264a6f73557de6f1678b1,16941105954642047149,47,48,1,0.020833333333333332,0.2858494008666665,0.4427083333333333,21.25,48,0.16257822277847309
593d362a8a5bdcd8dc0366e9d1cb05238c6a07b8cc0c75419691511c53e8e17d,17,overlap,f45b89977b84c81bec6b227e805632f462b2aa8bebfe9367fbe245bbe2b14453,16941105954642047150,33,33,0,0.0,0.6178392249189351,0.4205729166666667,20.1875,36,0.5068836045056321,overlap_control,bfb7c37422748eaf7b45da0af2722431a8784ad2e56ab495ed2635d766c74cd9,16941105954642047150,48,48,0,0.0,0.2818809431595823,0.43359375,20.8125,48,0.18126637275573446
593d362a8a5bdcd8dc0366e9d1cb05238c6a07b8cc0c75419691511c53e8e17d,18,overlap,89068cf24251b4c2c2ccbb49b2a9027bbed779bdcef2872a90d0b58d40f440d0,16941105954642047151,35,36,1,0.027777777777777776,0.5869089130278693,0.4270833333333333,20.5,41,0.486377789309808,overlap_control,79b14664b544fc4f174b1ed3e9cc6be721c48381ce05ee49ad961ea91640e3bf,16941105954642047151,47,48,1,0.020833333333333332,0.26853591319846,0.40625,19.5,48,0.20226404800872885
593d362a8a5bdcd8dc0366e9d1cb05238c6a07b8cc0c75419691511c53e8e17d,19,overlap,51887cf94427b4aa2fe8814f5f9f646b687dc68d9db21989cf5b3d03d5c8b906,16941105954642047152,32,32,0,0.0,0.6467608878202332,0.4296875,20.625,35,0.5128304319793682,overlap_control,3800e6a0173a04c2846b8a6b1132886b262f35947364f584e6fa4a31c00a08fe,16941105954642047152,48,48,0,0.0,0.2883860086554664,0.44140625,21.1875,48,0.18634281051904852
593d362a8a5bdcd8dc0366e9d1cb05238c6a07b8cc0c75419691511c53e8e17d,20,overlap,2e7acfe052238af3077c2345101ca01d2436ac5f6aab714ec122385d866f87a3,16941105954642047153,30,30,0,0.0,0.6279407410222627,0.4088541666666667,19.625,33,0.5229705922211682,overlap_control,7f641e6fb16260633a1f0307736dd12d96db8956e151bd10ab37790f3626d9f3,16941105954642047153,47,47,0,0.0,0.27049982423416746,0.42578125,20.4375,48,0.1679354544863036
593d362a8a5bdcd8dc0366e9d1cb05238c6a07b8cc0c75419691511c53e8e17d,21,overlap,5598172e6414ecb003525c6979d338a9f75ee028c0bb884aebcfb2ed21ec5ca1,16941105954642047154,31,32,1,0.03125,0.6334438824058389,0.4283854166666667,20.5625,35,0.5037185539675354,overlap_control,d8e405ff6ec97b26811e11327cfd6fbf3d6c173e1eb89894d3624b1d6a4655a1,16941105954642047154,46,47,1,0.02127659574468085,0.26866913990126345,0.41796875,20.0625,48,0.1791608669715649
593d362a8a5bdcd8dc0366e9d1cb05238c6a07b8cc0c75419691511c53e8e17d,22,overlap,242ff00f643109291ee98b9c5608e2e27bf9e644043b8f91eb120a7d06783512,16941105954642047155,34,35,1,0.02857142857142857,0.6136593274060791,0.4479166666666667,21.5,43,0.4699406234537358,overlap_control,23fc168f4bd5406de935683ceb3fd3f210f8f597899c864a1723e37f1d7ed765,16941105954642047155,47,48,1,0.020833333333333332,0.2992780414379128,0.4544270833333333,21.8125,48,0.17015180149972567
593d362a8a5bdcd8dc0366e9d1cb05238c6a07b8cc0c75419691511c53e8e17d,23,overlap,c619c52d7dfe38b347f8d1061e34d3b538efa89a9c21cb64b833b3f916825dc6,16941105954642047156,33,35,1,0.05714285714285714,0.5583680124986347,0.4010416666666667,19.25,35,0.5046974302293451,overlap_control,6535c24452fd224fe455f971ed192e1715136842f59ec429774a1faf483c4cbd,16941105954642047156,48,48,0,0.0,0.26737548097357944,0.41015625,19.6875,48,0.1890577507598784
593d362a8a5bdcd8dc0366e9d1cb05238c6a07b8cc0c75419691511c53e8e17d,24,overlap,6d4fd619ff64b9c416ea081b00cb06c4c0232633e7ffb7a1362b3f70975f620e,16941105954642047157,36,36,0,0.0,0.5811764607667664,0.4166666666666667,20.0,38,0.5,overlap_control,e0abe923771966c283e8f3d7de2ccd2460ae981a6e68519995ac2bdb1257eee5,16941105954642047157,48,48,0,0.0,0.26095761286595504,0.4153645833333333,19.9375,48,0.16961248582671914
593d362a8a5bdcd8dc0366e9d1cb05238c6a07b8cc0c75419691511c53e8e17d,25,overlap,c304bb37fda9f5bd26d6d6ce076a1eb2856ff42894fd5d32029caf556b3b0560,16941105954642047158,34,36,1,0.05555555555555555,0.5563512328023157,0.4205729166666667,20.1875,41,0.4772412884526711,overlap_control,ddbd8b6b78a67ac867f7f28fde498c68cf165044326f65e88c0e6ab6021f3e55,16941105954642047158,48,48,0,0.0,0.24167392337112717,0.3932291666666667,18.875,48,0.16443567704663942
593d362a8a5bdcd8dc0366e9d1cb05238c6a07b8cc0c75419691511c53e8e17d,26,overlap,e8dec0c9ac610d3fc8c3a98383f8bba47b90e752783ffff1dc1e3c38177a007a,16941105954642047159,33,34,1,0.029411764705882353,0.6720920513514841,0.4479166666666667,21.5,38,0.4987629886194953,overlap_control,d24d0fa94d38b49a32d81d64f9f520cfc199d5da256f65da539c4946c8a420d3,16941105954642047159,48,48,0,0.0,0.2870872214075059,0.44140625,21.1875,48,0.16538002887089687
593d362a8a5bdcd8dc0366e9d1cb05238c6a07b8cc0c75419691511c53e8e17d,27,overlap,38a472d3d5cfee79f115e0e0f68d872da8547783737d01b38e462ddf0c13ff5c,16941105954642047160,34,34,0,0.0,0.622051642376355,0.4440104166666667,21.3125,38,0.4761340238347788,overlap_control,01ce288add3431d096694c500e9cf08d438788e22bab1eee0638317fbd1bb115,16941105954642047160,47,48,1,0.020833333333333332,0.2603485016921786,0.4140625,19.875,48,0.16753646460591462
593d362a8a5bdcd8dc0366e9d1cb05238c6a07b8cc0c75419691511c53e8e17d,28,overlap,c11aec739757a8a5fea07774dacb86e363a14c132d6dc6f1240b95f4ee7516c1,16941105954642047161,33,33,0,0.0,0.6048289185872894,0.421875,20.25,37,0.501050696086157,overlap_control,6baae96ed6dcc9e9d6899c3753466542c059a8fa12133c6fc496401e7c1f3787,16941105954642047161,48,48,0,0.0,0.28071323873421133,0.4479166666666667,21.5,48,0.1313706086095992
593d362a8a5bdcd8dc0366e9d1cb05238c6a07b8cc0c75419691511c53e8e17d,29,overlap,df67c746a4d18cc703ad6a2f4cb1b02775d58ef4915fb0af157647b42167c29b,16941105954642047162,32,32,0,0.0,0.6301516290338754,0.4361979166666667,20.9375,36,0.4935535090504922,overlap_control,d7c44aeacb9eb2106506f7e4c1ce3bc39a67044353df112097cd13eb4640afc7,16941105954642047162,48,48,0,0.0,0.2528899538307095,0.421875,20.25,48,0.1163645915418965
