config_hash,case_id,instance_id,run_id,case,repetition,seed,family,universe_size,set_count,k,parameters,algorithm_id,algorithm_seed,algorithm,algorithm_options,algorithm_metadata,status,coverage,best_bound,optimum,optimality_gap,runtime_seconds,is_exact,timed_out,nodes_or_iterations,selected,error_message,schema_version
593d362a8a5bdcd8dc0366e9d1cb05238c6a07b8cc0c75419691511c53e8e17d,overlap,40c0c5afc4dda1a0df30227d6cc686bac187e48a119a83447e19eceb0fab3296,9a236d5f76465e2e687e4f24c453f6910e0912a09f27b93ad7f2da12fee88d0b,overlap,0,16941105954642047133,high_overlap,48,16,4,"{""core_fraction"":0.5,""core_probability"":0.8,""peripheral_probability"":0.05}",greedy,,greedy,{},"{""schema_version"":1,""search"":{},""termination"":""completed"",""trajectory"":[]}",feasible,32,,33,0.0303030303,0.0000225000,False,False,58,1 2 3 4,,4
593d362a8a5bdcd8dc0366e9d1cb05238c6a07b8cc0c75419691511c53e8e17d,overlap,40c0c5afc4dda1a0df30227d6cc686bac187e48a119a83447e19eceb0fab3296,06b52a9dd1e14a053c11e2813fc054daea3acf7d03d78de6a2e4a1a9fc44728e,overlap,0,16941105954642047133,high_overlap,48,16,4,"{""core_fraction"":0.5,""core_probability"":0.8,""peripheral_probability"":0.05}",exact_reference,,brute_force,"{""max_set_count"":16,""time_limit_seconds"":null}","{""schema_version"":1,""search"":{},""termination"":""completed"",""trajectory"":[]}",optimal,33,33,33,0.0000000000,0.0006771000,True,False,1820,1 2 3 8,,4
593d362a8a5bdcd8dc0366e9d1cb05238c6a07b8cc0c75419691511c53e8e17d,overlap,8a6d7aa05716e9e275a5aae3dbf6d0073fcbe627742b8d154335ad5495acde23,e088a771637d5ef7ebca331ae3eb38f55fa385468ec2216f7aa3413b9c5d4dee,overlap,1,16941105954642047134,high_overlap,48,16,4,"{""core_fraction"":0.5,""core_probability"":0.8,""peripheral_probability"":0.05}",greedy,,greedy,{},"{""schema_version"":1,""search"":{},""termination"":""completed"",""trajectory"":[]}",feasible,34,,34,0.0000000000,0.0000174000,False,False,58,2 3 4 6,,4
593d362a8a5bdcd8dc0366e9d1cb05238c6a07b8cc0c75419691511c53e8e17d,overlap,8a6d7aa05716e9e275a5aae3dbf6d0073fcbe627742b8d154335ad5495acde23,68ccd52fa182d400b2ce469d902f92282afcf7bbf8c6587ad637307b071735dd,overlap,1,16941105954642047134,high_overlap,48,16,4,"{""core_fraction"":0.5,""core_probability"":0.8,""peripheral_probability"":0.05}",exact_reference,,brute_force,"{""max_set_count"":16,""time_limit_seconds"":null}","{""schema_version"":1,""search"":{},""termination"":""completed"",""trajectory"":[]}",optimal,34,34,34,0.0000000000,0.0006962000,True,False,1820,2 3 4 6,,4
593d362a8a5bdcd8dc0366e9d1cb05238c6a07b8cc0c75419691511c53e8e17d,overlap,8b383b2c06f74afe28a978a97367fb3145be0ad2f32d5d8c913f0148abafbd97,205e2513009d98882cfcadde5806b62da5b9170b706b5dd9e93fc555734044c8,overlap,2,16941105954642047135,high_overlap,48,16,4,"{""core_fraction"":0.5,""core_probability"":0.8,""peripheral_probability"":0.05}",greedy,,greedy,{},"{""schema_version"":1,""search"":{},""termination"":""completed"",""trajectory"":[]}",feasible,33,,34,0.0294117647,0.0000166000,False,False,58,0 3 4 6,,4
593d362a8a5bdcd8dc0366e9d1cb05238c6a07b8cc0c75419691511c53e8e17d,overlap,8b383b2c06f74afe28a978a97367fb3145be0ad2f32d5d8c913f0148abafbd97,9ef2f8d411123df502dc35346384eaffd9dadb24b6f63cc9d1f0f43c498eece5,overlap,2,16941105954642047135,high_overlap,48,16,4,"{""core_fraction"":0.5,""core_probability"":0.8,""peripheral_probability"":0.05}",exact_reference,,brute_force,"{""max_set_count"":16,""time_limit_seconds"":null}","{""schema_version"":1,""search"":{},""termination"":""completed"",""trajectory"":[]}",optimal,34,34,34,0.0000000000,0.0007394000,True,False,1820,2 3 4 6,,4
593d362a8a5bdcd8dc0366e9d1cb05238c6a07b8cc0c75419691511c53e8e17d,overlap,6fbf48a3b338a477323f8e939a4aa995161eef661988be01737974c01b46d817,de15f53e26b757e39b014d32ba124e803eb7ebf702e9f2df70046b5c81a74d53,overlap,3,16941105954642047136,high_overlap,48,16,4,"{""core_fraction"":0.5,""core_probability"":0.8,""peripheral_probability"":0.05}",greedy,,greedy,{},"{""schema_version"":1,""search"":{},""termination"":""completed"",""trajectory"":[]}",feasible,32,,32,0.0000000000,0.0000159000,False,False,58,0 4 5 6,,4
593d362a8a5bdcd8dc0366e9d1cb05238c6a07b8cc0c75419691511c53e8e17d,overlap,6fbf48a3b338a477323f8e939a4aa995161eef661988be01737974c01b46d817,c46438e91be918441296378f4645e9b383a22a507fbaf8bc2323579b44f37f86,overlap,3,16941105954642047136,high_overlap,48,16,4,"{""core_fraction"":0.5,""core_probability"":0.8,""peripheral_probability"":0.05}",exact_reference,,brute_force,"{""max_set_count"":16,""time_limit_seconds"":null}","{""schema_version"":1,""search"":{},""termination"":""completed"",""trajectory"":[]}",optimal,32,32,32,0.0000000000,0.0006760000,True,False,1820,0 4 5 6,,4
593d362a8a5bdcd8dc0366e9d1cb05238c6a07b8cc0c75419691511c53e8e17d,overlap,a0ce61b3e540edcf79a8557ade2576e6049c480b947890a3a5cf4e8ff5b8f796,496f5de9299cc3ac242106b868adad999052aca2b4a5de2c566f6b10945ef689,overlap,4,16941105954642047137,high_overlap,48,16,4,"{""core_fraction"":0.5,""core_probability"":0.8,""peripheral_probability"":0.05}",greedy,,greedy,{},"{""schema_version"":1,""search"":{},""termination"":""completed"",""trajectory"":[]}",feasible,32,,32,0.0000000000,0.0000167000,False,False,58,1 3 4 9,,4
593d362a8a5bdcd8dc0366e9d1cb05238c6a07b8cc0c75419691511c53e8e17d,overlap,a0ce61b3e540edcf79a8557ade2576e6049c480b947890a3a5cf4e8ff5b8f796,a0cec9fda2fc251776d3447c7c33f97ab95d74b87adbe98101f6811379214ab8,overlap,4,16941105954642047137,high_overlap,48,16,4,"{""core_fraction"":0.5,""core_probability"":0.8,""peripheral_probability"":0.05}",exact_reference,,brute_force,"{""max_set_count"":16,""time_limit_seconds"":null}","{""schema_version"":1,""search"":{},""termination"":""completed"",""trajectory"":[]}",optimal,32,32,32,0.0000000000,0.0007357000,True,False,1820,1 3 4 9,,4
593d362a8a5bdcd8dc0366e9d1cb05238c6a07b8cc0c75419691511c53e8e17d,overlap,af1d4c117177a5631d0f9956fa6b50d2eb189e90a85a026f56c88aabc367b76f,3d432cebd75033067c5d93bfd775e0bb411079ae87bbafbbec9f7424e541946a,overlap,5,16941105954642047138,high_overlap,48,16,4,"{""core_fraction"":0.5,""core_probability"":0.8,""peripheral_probability"":0.05}",greedy,,greedy,{},"{""schema_version"":1,""search"":{},""termination"":""completed"",""trajectory"":[]}",feasible,34,,36,0.0555555556,0.0000173000,False,False,58,1 4 5 14,,4
593d362a8a5bdcd8dc0366e9d1cb05238c6a07b8cc0c75419691511c53e8e17d,overlap,af1d4c117177a5631d0f9956fa6b50d2eb189e90a85a026f56c88aabc367b76f,6907fe3969bf30bbd82deda6f911aacb2cf775113b43a06925dd8f0f9f57ffff,overlap,5,16941105954642047138,high_overlap,48,16,4,"{""core_fraction"":0.5,""core_probability"":0.8,""peripheral_probability"":0.05}",exact_reference,,brute_force,"{""max_set_count"":16,""time_limit_seconds"":null}","{""schema_version"":1,""search"":{},""termination"":""completed"",""trajectory"":[]}",optimal,36,36,36,0.0000000000,0.0006809000,True,False,1820,1 4 11 14,,4
593d362a8a5bdcd8dc0366e9d1cb05238c6a07b8cc0c75419691511c53e8e17d,overlap,4fe832b7d0ef10ecdf008468d3ef30666f40dce726aea19ab7a8a03ab1bb4dd1,c165344e99772c6b60492f84bb71ee4dc84b43f102a50512c1e3cde338b3cf86,overlap,6,16941105954642047139,high_overlap,48,16,4,"{""core_fraction"":0.5,""core_probability"":0.8,""peripheral_probability"":0.05}",greedy,,greedy,{},"{""schema_version"":1,""search"":{},""termination"":""completed"",""trajectory"":[]}",feasible,32,,32,0.0000000000,0.0000169000,False,False,58,0 2 11 12,,4
593d362a8a5bdcd8dc0366e9d1cb05238c6a07b8cc0c75419691511c53e8e17d,overlap,4fe832b7d0ef10ecdf008468d3ef30666f40dce726aea19ab7a8a03ab1bb4dd1,6fc1a7de65b12979b499c58ef289b38a05896699e11981d85bc136acdc4b254b,overlap,6,16941105954642047139,high_overlap,48,16,4,"{""core_fraction"":0.5,""core_probability"":0.8,""peripheral_probability"":0.05}",exact_reference,,brute_force,"{""max_set_count"":16,""time_limit_seconds"":null}","{""schema_version"":1,""search"":{},""termination"":""completed"",""trajectory"":[]}",optimal,32,32,32,0.0000000000,0.0006762000,True,False,1820,0 2 11 12,,4
593d362a8a5bdcd8dc0366e9d1cb05238c6a07b8cc0c75419691511c53e8e17d,overlap,cdff6e615ac8f928634d1971106a3cbe59516225b082752cf9d1d0e38c3c5f6a,01153dd94abffcfe42b8157ad1c87ca1b62dab4e6999eef719d7721400be6e04,overlap,7,16941105954642047140,high_overlap,48,16,4,"{""core_fraction"":0.5,""core_probability"":0.8,""peripheral_probability"":0.05}",greedy,,greedy,{},"{""schema_version"":1,""search"":{},""termination"":""completed"",""trajectory"":[]}",feasible,33,,33,0.0000000000,0.0000159000,False,False,58,0 1 8 9,,4
593d362a8a5bdcd8dc0366e9d1cb05238c6a07b8cc0c75419691511c53e8e17d,overlap,cdff6e615ac8f928634d1971106a3cbe59516225b082752cf9d1d0e38c3c5f6a,e422f1f4b1e05c9e206bb2a1dc20742cb065f9be7fd77d4b4f23e6631c8361fd,overlap,7,16941105954642047140,high_overlap,48,16,4,"{""core_fraction"":0.5,""core_probability"":0.8,""peripheral_probability"":0.05}",exact_reference,,brute_force,"{""max_set_count"":16,""time_limit_seconds"":null}","{""schema_version"":1,""search"":{},""termination"":""completed"",""trajectory"":[]}",optimal,33,33,33,0.0000000000,0.0006803000,True,False,1820,0 1 8 9,,4
593d362a8a5bdcd8dc0366e9d1cb05238c6a07b8cc0c75419691511c53e8e17d,overlap,a28a1bf8ba4bbf6fc9a95bb82bb92268498c1f3d71d40cfa6841fe70599d03d2,149f657dcd5897b8637bc1875c28fb237fdd4c946abec3642c47df85f654023c,overlap,8,16941105954642047141,high_overlap,48,16,4,"{""core_fraction"":0.5,""core_probability"":0.8,""peripheral_probability"":0.05}",greedy,,greedy,{},"{""schema_version"":1,""search"":{},""termination"":""completed"",""trajectory"":[]}",feasible,32,,32,0.0000000000,0.0000166000,False,False,58,0 2 5 8,,4
593d362a8a5bdcd8dc0366e9d1cb05238c6a07b8cc0c75419691511c53e8e17d,overlap,a28a1bf8ba4bbf6fc9a95bb82bb92268498c1f3d71d40cfa6841fe70599d03d2,5faecc9a3ad592d61cbc92802db10e8ea36af467f6faf8eee31e5bf424c729db,overlap,8,16941105954642047141,high_overlap,48,16,4,"{""core_fraction"":0.5,""core_probability"":0.8,""peripheral_probability"":0.05}",exact_reference,,brute_force,"{""max_set_count"":16,""time_limit_seconds"":null}","{""schema_version"":1,""search"":{},""termination"":""completed"",""trajectory"":[]}",optimal,32,32,32,0.0000000000,0.0006768000,True,False,1820,0 2 4 8,,4
593d362a8a5bdcd8dc0366e9d1cb05238c6a07b8cc0c75419691511c53e8e17d,overlap,e079a5e27481ede58a7627b4f9edbc88d0ef8391c65ab63f06276292001eeb47,c78543d8cd19f6a1ffce7059914e2c4d48ce0c29d84e79e6ad2dff92716aa40b,overlap,9,16941105954642047142,high_overlap,48,16,4,"{""core_fraction"":0.5,""core_probability"":0.8,""peripheral_probability"":0.05}",greedy,,greedy,{},"{""schema_version"":1,""search"":{},""termination"":""completed"",""trajectory"":[]}",feasible,32,,32,0.0000000000,0.0000167000,False,False,58,1 10 11 12,,4
593d362a8a5bdcd8dc0366e9d1cb05238c6a07b8cc0c75419691511c53e8e17d,overlap,e079a5e27481ede58a7627b4f9edbc88d0ef8391c65ab63f06276292001eeb47,88ddbd779cd2424a06219f4f85d1af51691c3b21036e2a4d6b81215ef41afd83,overlap,9,16941105954642047142,high_overlap,48,16,4,"{""core_fraction"":0.5,""core_probability"":0.8,""peripheral_probability"":0.05}",exact_reference,,brute_force,"{""max_set_count"":16,""time_limit_seconds"":null}","{""schema_version"":1,""search"":{},""termination"":""completed"",""trajectory"":[]}",optimal,32,32,32,0.0000000000,0.0006638000,True,False,1820,1 10 11 12,,4
593d362a8a5bdcd8dc0366e9d1cb05238c6a07b8cc0c75419691511c53e8e17d,overlap,a019405646cf06be4418ddc50faf6299d278fc9ee83e9379163acdb0b93fd0d3,34683b2beee397049a2626a5b61ac555f67e3a6ad414f923976dcf1edffba451,overlap,10,16941105954642047143,high_overlap,48,16,4,"{""core_fraction"":0.5,""core_probability"":0.8,""peripheral_probability"":0.05}",greedy,,greedy,{},"{""schema_version"":1,""search"":{},""termination"":""completed"",""trajectory"":[]}",feasible,32,,33,0.0303030303,0.0000171000,False,False,58,0 1 9 13,,4
593d362a8a5bdcd8dc0366e9d1cb05238c6a07b8cc0c75419691511c53e8e17d,overlap,a019405646cf06be4418ddc50faf6299d278fc9ee83e9379163acdb0b93fd0d3,1546662b5945bf16a6820c506e81fb256a6a59cc802e4c4ac2408fd647cbd7d7,overlap,10,16941105954642047143,high_overlap,48,16,4,"{""core_fraction"":0.5,""core_probability"":0.8,""peripheral_probability"":0.05}",exact_reference,,brute_force,"{""max_set_count"":16,""time_limit_seconds"":null}","{""schema_version"":1,""search"":{},""termination"":""completed"",""trajectory"":[]}",optimal,33,33,33,0.0000000000,0.0006781000,True,False,1820,0 1 3 13,,4
593d362a8a5bdcd8dc0366e9d1cb05238c6a07b8cc0c75419691511c53e8e17d,overlap,c05e8ab28c79d74d3f4d10340c2606fb136b6e7060cc2a9b3cc28185c82308ed,9ea8bc1aa940f8a72604c1ed53edf91d6093fdf178fdf0f26d54201ded9b22b2,overlap,11,16941105954642047144,high_overlap,48,16,4,"{""core_fraction"":0.5,""core_probability"":0.8,""peripheral_probability"":0.05}",greedy,,greedy,{},"{""schema_version"":1,""search"":{},""termination"":""completed"",""trajectory"":[]}",feasible,37,,37,0.0000000000,0.0000166000,False,False,58,5 8 11 14,,4
593d362a8a5bdcd8dc0366e9d1cb05238c6a07b8cc0c75419691511c53e8e17d,overlap,c05e8ab28c79d74d3f4d10340c2606fb136b6e7060cc2a9b3cc28185c82308ed,2ea991766abdd029fc98dd653989a7815ecc8964ade8ca6b0ac4fb6f88cfe500,overlap,11,16941105954642047144,high_overlap,48,16,4,"{""core_fraction"":0.5,""core_probability"":0.8,""peripheral_probability"":0.05}",exact_reference,,brute_force,"{""max_set_count"":16,""time_limit_seconds"":null}","{""schema_version"":1,""search"":{},""termination"":""completed"",""trajectory"":[]}",optimal,37,37,37,0.0000000000,0.0006876000,True,False,1820,5 8 11 14,,4
593d362a8a5bdcd8dc0366e9d1cb05238c6a07b8cc0c75419691511c53e8e17d,overlap,59d309d5bf775321759c9e7612a67a570066f850d0979cfcb5f0acfd08523ccc,168e18d35cb594bd0354cf5696d41692870e20cd3d85ce63e627c50055695d21,overlap,12,16941105954642047145,high_overlap,48,16,4,"{""core_fraction"":0.5,""core_probability"":0.8,""peripheral_probability"":0.05}",greedy,,greedy,{},"{""schema_version"":1,""search"":{},""termination"":""completed"",""trajectory"":[]}",feasible,29,,29,0.0000000000,0.0000165000,False,False,58,0 1 2 5,,4
593d362a8a5bdcd8dc0366e9d1cb05238c6a07b8cc0c75419691511c53e8e17d,overlap,59d309d5bf775321759c9e7612a67a570066f850d0979cfcb5f0acfd08523ccc,300849f66aaa95367a80e8d5ee962bc6647fa8a59812933142708608c1216362,overlap,12,16941105954642047145,high_overlap,48,16,4,"{""core_fraction"":0.5,""core_probability"":0.8,""peripheral_probability"":0.05}",exact_reference,,brute_force,"{""max_set_count"":16,""time_limit_seconds"":null}","{""schema_version"":1,""search"":{},""termination"":""completed"",""trajectory"":[]}",optimal,29,29,29,0.0000000000,0.0006882000,True,False,1820,0 1 2 5,,4
593d362a8a5bdcd8dc0366e9d1cb05238c6a07b8cc0c75419691511c53e8e17d,overlap,944a131ba5815f927334ca33eae075ba87010a17da7322a081723c245d2a26c1,f24dd4ceb8399dcabf41e5bfcddef580d7dc71940122de887c394a109ff96871,overlap,13,16941105954642047146,high_overlap,48,16,4,"{""core_fraction"":0.5,""core_probability"":0.8,""peripheral_probability"":0.05}",greedy,,greedy,{},"{""schema_version"":1,""search"":{},""termination"":""completed"",""trajectory"":[]}",feasible,32,,32,0.0000000000,0.0000170000,False,False,58,0 1 6 9,,4
593d362a8a5bdcd8dc0366e9d1cb05238c6a07b8cc0c75419691511c53e8e17d,overlap,944a131ba5815f927334ca33eae075ba87010a17da7322a081723c245d2a26c1,3a5c3c038e856e7f5b52fc24e57d25df41ec571c816da479bc6f8d05bec4da95,overlap,13,16941105954642047146,high_overlap,48,16,4,"{""core_fraction"":0.5,""core_probability"":0.8,""peripheral_probability"":0.05}",exact_reference,,brute_force,"{""max_set_count"":16,""time_limit_seconds"":null}","{""schema_version"":1,""search"":{},""termination"":""completed"",""trajectory"":[]}",optimal,32,32,32,0.0000000000,0.0006698000,True,False,1820,0 1 6 9,,4
593d362a8a5bdcd8dc0366e9d1cb05238c6a07b8cc0c75419691511c53e8e17d,overlap,918cd88375b95551efaebece7405d1108afb85e879e9059db8e2478d040cbe15,2afc1ed0884fd79064bdd5d743cb9e093be19a673c92851061a6e6970142ed5c,overlap,14,16941105954642047147,high_overlap,48,16,4,"{""core_fraction"":0.5,""core_probability"":0.8,""peripheral_probability"":0.05}",greedy,,greedy,{},"{""schema_version"":1,""search"":{},""termination"":""completed"",""trajectory"":[]}",feasible,32,,32,0.0000000000,0.0000175000,False,False,58,2 4 9 11,,4
593d362a8a5bdcd8dc0366e9d1cb05238c6a07b8cc0c75419691511c53e8e17d,overlap,918cd88375b95551efaebece7405d1108afb85e879e9059db8e2478d040cbe15,9f4f31fbcf19989dc78c8600fe233e04ed605025450e66acfe2d631bce920cdf,overlap,14,16941105954642047147,high_overlap,48,16,4,"{""core_fraction"":0.5,""core_probability"":0.8,""peripheral_probability"":0.05}",exact_reference,,brute_force,"{""max_set_count"":16,""time_limit_seconds"":null}","{""schema_version"":1,""search"":{},""termination"":""completed"",""trajectory"":[]}",optimal,32,32,32,0.0000000000,0.0007074000,True,False,1820,2 4 9 11,,4
593d362a8a5bdcd8dc0366e9d1cb05238c6a07b8cc0c75419691511c53e8e17d,overlap,28940c81d5ad0057765cfc874e9ac97f2feba2fd3db41a891206229a134d7632,2dd5a62dbda05a85a20baa76b61c591163b2d6695f823546c7fe4ae1c7204949,overlap,15,16941105954642047148,high_overlap,48,16,4,"{""core_fraction"":0.5,""core_probability"":0.8,""peripheral_probability"":0.05}",greedy,,greedy,{},"{""schema_version"":1,""search"":{},""termination"":""completed"",""trajectory"":[]}",feasible,35,,36,0.0277777778,0.0000217000,False,False,58,0 4 6 12,,4
593d362a8a5bdcd8dc0366e9d1cb05238c6a07b8cc0c75419691511c53e8e17d,overlap,28940c81d5ad0057765cfc874e9ac97f2feba2fd3db41a891206229a134d7632,ab7532d807f2f06620fb1dac23424d81184829e57a0b8757e620f7aadabca3df,overlap,15,16941105954642047148,high_overlap,48,16,4,"{""core_fraction"":0.5,""core_probability"":0.8,""peripheral_probability"":0.05}",exact_reference,,brute_force,"{""max_set_count"":16,""time_limit_seconds"":null}","{""schema_version"":1,""search"":{},""termination"":""completed"",""trajectory"":[]}",optimal,36,36,36,0.0000000000,0.0006923000,True,False,1820,0 2 6 12,,4
593d362a8a5bdcd8dc0366e9d1cb05238c6a07b8cc0c75419691511c53e8e17d,overlap,0b13825350786855767a1829c8b2fbc8fde64a4288af3622a9edd71b8b48a7bb,1d11b34acc4f04ee9f649a79ebbca0b03021e6f930344b52b1e7d1f4d55f8418,overlap,16,16941105954642047149,high_overlap,48,16,4,"{""core_fraction"":0.5,""core_probability"":0.8,""peripheral_probability"":0.05}",greedy,,greedy,{},"{""schema_version"":1,""search"":{},""termination"":""completed"",""trajectory"":[]}",feasible,31,,33,0.0606060606,0.0000171000,False,False,58,3 10 11 13,,4
593d362a8a5bdcd8dc0366e9d1cb05238c6a07b8cc0c75419691511c53e8e17d,overlap,0b13825350786855767a1829c8b2fbc8fde64a4288af3622a9edd71b8b48a7bb,49b7a4cdd277251a9546dc1d0e62575d61a99a131fa42cf82a6356c8064c8025,overlap,16,16941105954642047149,high_overlap,48,16,4,"{""core_fraction"":0.5,""core_probability"":0.8,""peripheral_probability"":0.05}",exact_reference,,brute_force,"{""max_set_count"":16,""time_limit_seconds"":null}","{""schema_version"":1,""search"":{},""termination"":""completed"",""trajectory"":[]}",optimal,33,33,33,0.0000000000,0.0006607000,True,False,1820,6 8 10 11,,4
593d362a8a5bdcd8dc0366e9d1cb05238c6a07b8cc0c75419691511c53e8e17d,overlap,f45b89977b84c81bec6b227e805632f462b2aa8bebfe9367fbe245bbe2b14453,b7f0fc404b2c8658c3535eb1017595256a5c627809514e233fed4f444a4a282d,overlap,17,16941105954642047150,high_overlap,48,16,4,"{""core_fraction"":0.5,""core_probability"":0.8,""peripheral_probability"":0.05}",greedy,,greedy,{},"{""schema_version"":1,""search"":{},""termination"":""completed"",""trajectory"":[]}",feasible,33,,33,0.0000000000,0.0000163000,False,False,58,1 3 4 10,,4
593d362a8a5bdcd8dc0366e9d1cb05238c6a07b8cc0c75419691511c53e8e17d,overlap,f45b89977b84c81bec6b227e805632f462b2aa8bebfe9367fbe245bbe2b14453,9beba8aaaae4d1350cf7484e2e84b1e81d652be9fac287e3a8d133f8f1df3b08,overlap,17,16941105954642047150,high_overlap,48,16,4,"{""core_fraction"":0.5,""core_probability"":0.8,""peripheral_probability"":0.05}",exact_reference,,brute_force,"{""max_set_count"":16,""time_limit_seconds"":null}","{""schema_version"":1,""search"":{},""termination"":""completed"",""trajectory"":[]}",optimal,33,33,33,0.0000000000,0.0006738000,True,False,1820,0 1 4 10,,4
593d362a8a5bdcd8dc0366e9d1cb05238c6a07b8cc0c75419691511c53e8e17d,overlap,89068cf24251b4c2c2ccbb49b2a9027bbed779bdcef2872a90d0b58d40f440d0,b0c13eda441cecb53e55769c9e474cc555622c3b12da8f29da684f122db9a5b8,overlap,18,16941105954642047151,high_overlap,48,16,4,"{""core_fraction"":0.5,""core_probability"":0.8,""peripheral_probability"":0.05}",greedy,,greedy,{},"{""schema_version"":1,""search"":{},""termination"":""completed"",""trajectory"":[]}",feasible,35,,36,0.0277777778,0.0000165000,False,False,58,1 2 6 11,,4
593d362a8a5bdcd8dc0366e9d1cb05238c6a07b8cc0c75419691511c53e8e17d,overlap,89068cf24251b4c2c2ccbb49b2a9027bbed779bdcef2872a90d0b58d40f440d0,f6106767862232f7af87cccf28c32c90ac0a11b49727d315b471b19096f1b751,overlap,18,16941105954642047151,high_overlap,48,16,4,"{""core_fraction"":0.5,""core_probability"":0.8,""peripheral_probability"":0.05}",exact_reference,,brute_force,"{""max_set_count"":16,""time_limit_seconds"":null}","{""schema_version"":1,""search"":{},""termination"":""completed"",""trajectory"":[]}",optimal,36,36,36,0.0000000000,0.0006448000,True,False,1820,1 6 10 11,,4
593d362a8a5bdcd8dc0366e9d1cb05238c6a07b8cc0c75419691511c53e8e17d,overlap,51887cf94427b4aa2fe8814f5f9f646b687dc68d9db21989cf5b3d03d5c8b906,8af77c73f953b0a501392a9ffa6ac7c079b0de408ed3c4062aa939459eb813d8,overlap,19,16941105954642047152,high_overlap,48,16,4,"{""core_fraction"":0.5,""core_probability"":0.8,""peripheral_probability"":0.05}",greedy,,greedy,{},"{""schema_version"":1,""search"":{},""termination"":""completed"",""trajectory"":[]}",feasible,32,,32,0.0000000000,0.0000164000,False,False,58,1 3 6 7,,4
593d362a8a5bdcd8dc0366e9d1cb05238c6a07b8cc0c75419691511c53e8e17d,overlap,51887cf94427b4aa2fe8814f5f9f646b687dc68d9db21989cf5b3d03d5c8b906,c7034cc8c27043a6e9ef34f95d640ecf5ec84c8838bd024614aafca25ffefb5d,overlap,19,16941105954642047152,high_overlap,48,16,4,"{""core_fraction"":0.5,""core_probability"":0.8,""peripheral_probability"":0.05}",exact_reference,,brute_force,"{""max_set_count"":16,""time_limit_seconds"":null}","{""schema_version"":1,""search"":{},""termination"":""completed"",""trajectory"":[]}",optimal,32,32,32,0.0000000000,0.0006693000,True,False,1820,1 3 6 7,,4
593d362a8a5bdcd8dc0366e9d1cb05238c6a07b8cc0c75419691511c53e8e17d,overlap,2e7acfe052238af3077c2345101ca01d2436ac5f6aab714ec122385d866f87a3,4c3b00cbe2502d0a8ba72b1e85a19569fe5e91aad8da8be102563ab37d85e328,overlap,20,16941105954642047153,high_overlap,48,16,4,"{""core_fraction"":0.5,""core_probability"":0.8,""peripheral_probability"":0.05}",greedy,,greedy,{},"{""schema_version"":1,""search"":{},""termination"":""completed"",""trajectory"":[]}",feasible,30,,30,0.0000000000,0.0000172000,False,False,58,1 2 8 10,,4
593d362a8a5bdcd8dc0366e9d1cb05238c6a07b8cc0c75419691511c53e8e17d,overlap,2e7acfe052238af3077c2345101ca01d2436ac5f6aab714ec122385d866f87a3,034b3104a4c982235a404eb11df980d5a8295b4c94e82d292ed4e8f5d307775c,overlap,20,16941105954642047153,high_overlap,48,16,4,"{""core_fraction"":0.5,""core_probability"":0.8,""peripheral_probability"":0.05}",exact_reference,,brute_force,"{""max_set_count"":16,""time_limit_seconds"":null}","{""schema_version"":1,""search"":{},""termination"":""completed"",""trajectory"":[]}",optimal,30,30,30,0.0000000000,0.0006751000,True,False,1820,0 1 2 8,,4
593d362a8a5bdcd8dc0366e9d1cb05238c6a07b8cc0c75419691511c53e8e17d,overlap,5598172e6414ecb003525c6979d338a9f75ee028c0bb884aebcfb2ed21ec5ca1,cf87f5f37e59bc539c9c69f2d50062f3c6fdd0c8b52d0fccd7480df1ecb9e274,overlap,21,16941105954642047154,high_overlap,48,16,4,"{""core_fraction"":0.5,""core_probability"":0.8,""peripheral_probability"":0.05}",greedy,,greedy,{},"{""schema_version"":1,""search"":{},""termination"":""completed"",""trajectory"":[]}",feasible,31,,32,0.0312500000,0.0000164000,False,False,58,1 2 4 14,,4
593d362a8a5bdcd8dc0366e9d1cb05238c6a07b8cc0c75419691511c53e8e17d,overlap,5598172e6414ecb003525c6979d338a9f75ee028c0bb884aebcfb2ed21ec5ca1,60dcff512aec25fe7272a713f1520c9f481f6b9a651693bfb0261eb8e6d0831c,overlap,21,16941105954642047154,high_overlap,48,16,4,"{""core_fraction"":0.5,""core_probability"":0.8,""peripheral_probability"":0.05}",exact_reference,,brute_force,"{""max_set_count"":16,""time_limit_seconds"":null}","{""schema_version"":1,""search"":{},""termination"":""completed"",""trajectory"":[]}",optimal,32,32,32,0.0000000000,0.0006574000,True,False,1820,4 9 10 14,,4
593d362a8a5bdcd8dc0366e9d1cb05238c6a07b8cc0c75419691511c53e8e17d,overlap,242ff00f643109291ee98b9c5608e2e27bf9e644043b8f91eb120a7d06783512,1fe5fa9a53ff6befd9269be55d014a15313b2ed028149262fb8ac8f28c1c3d57,overlap,22,16941105954642047155,high_overlap,48,16,4,"{""core_fraction"":0.5,""core_probability"":0.8,""peripheral_probability"":0.05}",greedy,,greedy,{},"{""schema_version"":1,""search"":{},""termination"":""completed"",""trajectory"":[]}",feasible,34,,35,0.0285714286,0.0000169000,False,False,58,0 2 3 5,,4
593d362a8a5bdcd8dc0366e9d1cb05238c6a07b8cc0c75419691511c53e8e17d,overlap,242ff00f643109291ee98b9c5608e2e27bf9e644043b8f91eb120a7d06783512,c0b40e915137a70b71117532a9aa633ec1ee4045a32f6b1ad969b6bb3eec9398,overlap,22,16941105954642047155,high_overlap,48,16,4,"{""core_fraction"":0.5,""core_probability"":0.8,""peripheral_probability"":0.05}",exact_reference,,brute_force,"{""max_set_count"":16,""time_limit_seconds"":null}","{""schema_version"":1,""search"":{},""termination"":""completed"",""trajectory"":[]}",optimal,35,35,35,0.0000000000,0.0006831000,True,False,1820,0 2 6 15,,4
593d362a8a5bdcd8dc0366e9d1cb05238c6a07b8cc0c75419691511c53e8e17d,overlap,c619c52d7dfe38b347f8d1061e34d3b538efa89a9c21cb64b833b3f916825dc6,c94a567aeb07dba98221b16b05530393fd57923bb0f44b7cbe264c74681e7b05,overlap,23,16941105954642047156,high_overlap,48,16,4,"{""core_fraction"":0.5,""core_probability"":0.8,""peripheral_probability"":0.05}",greedy,,greedy,{},"{""schema_version"":1,""search"":{},""termination"":""completed"",""trajectory"":[]}",feasible,33,,35,0.0571428571,0.0000157000,False,False,58,6 7 8 13,,4
593d362a8a5bdcd8dc0366e9d1cb05238c6a07b8cc0c75419691511c53e8e17d,overlap,c619c52d7dfe38b347f8d1061e34d3b538efa89a9c21cb64b833b3f916825dc6,287ece2f54a79c65496095133bc8918d0c9ad3803e04fcb4d0df70c6991f586c,overlap,23,16941105954642047156,high_overlap,48,16,4,"{""core_fraction"":0.5,""core_probability"":0.8,""peripheral_probability"":0.05}",exact_reference,,brute_force,"{""max_set_count"":16,""time_limit_seconds"":null}","{""schema_version"":1,""search"":{},""termination"":""completed"",""trajectory"":[]}",optimal,35,35,35,0.0000000000,0.0006653000,True,False,1820,6 8 13 14,,4
593d362a8a5bdcd8dc0366e9d1cb05238c6a07b8cc0c75419691511c53e8e17d,overlap,6d4fd619ff64b9c416ea081b00cb06c4c0232633e7ffb7a1362b3f70975f620e,bc4a8e8aace501698ecb194d0f9648d25cb87055446cf03273dc288857a2a4cb,overlap,24,16941105954642047157,high_overlap,48,16,4,"{""core_fraction"":0.5,""core_probability"":0.8,""peripheral_probability"":0.05}",greedy,,greedy,{},"{""schema_version"":1,""search"":{},""termination"":""completed"",""trajectory"":[]}",feasible,36,,36,0.0000000000,0.0000160000,False,False,58,2 4 7 12,,4
593d362a8a5bdcd8dc0366e9d1cb05238c6a07b8cc0c75419691511c53e8e17d,overlap,6d4fd619ff64b9c416ea081b00cb06c4c0232633e7ffb7a1362b3f70975f620e,177039da2b85890845739c16c074989b36def85698a5d168aa486ac0a7c59ae1,overlap,24,16941105954642047157,high_overlap,48,16,4,"{""core_fraction"":0.5,""core_probability"":0.8,""peripheral_probability"":0.05}",exact_reference,,brute_force,"{""max_set_count"":16,""time_limit_seconds"":null}","{""schema_version"":1,""search"":{},""termination"":""completed"",""trajectory"":[]}",optimal,36,36,36,0.0000000000,0.0006817000,True,False,1820,2 4 7 12,,4
593d362a8a5bdcd8dc0366e9d1cb05238c6a07b8cc0c75419691511c53e8e17d,overlap,c304bb37fda9f5bd26d6d6ce076a1eb2856ff42894fd5d32029caf556b3b0560,b4db7dbd5d19b6f85da2dc2738bc038a449367c6a86b7170d8790fac7f57b141,overlap,25,16941105954642047158,high_overlap,48,16,4,"{""core_fraction"":0.5,""core_probability"":0.8,""peripheral_probability"":0.05}",greedy,,greedy,{},"{""schema_version"":1,""search"":{},""termination"":""completed"",""trajectory"":[]}",feasible,34,,36,0.0555555556,0.0000164000,False,False,58,1 6 8 14,,4
593d362a8a5bdcd8dc0366e9d1cb05238c6a07b8cc0c75419691511c53e8e17d,overlap,c304bb37fda9f5bd26d6d6ce076a1eb2856ff42894fd5d32029caf556b3b0560,6775f216ff3641e2bb73337837dff8ceb83aaab94953b933f5aafa793c152026,overlap,25,16941105954642047158,high_overlap,48,16,4,"{""core_fraction"":0.5,""core_probability"":0.8,""peripheral_probability"":0.05}",exact_reference,,brute_force,"{""max_set_count"":16,""time_limit_seconds"":null}","{""schema_version"":1,""search"":{},""termination"":""completed"",""trajectory"":[]}",optimal,36,36,36,0.0000000000,0.0006798000,True,False,1820,2 6 8 10,,4
593d362a8a5bdcd8dc0366e9d1cb05238c6a07b8cc0c75419691511c53e8e17d,overlap,e8dec0c9ac610d3fc8c3a98383f8bba47b90e752783ffff1dc1e3c38177a007a,37d8d7f804d6dd07381ef05469cc239ec186c6825d043a8c7a4659a32b21b05f,overlap,26,16941105954642047159,high_overlap,48,16,4,"{""core_fraction"":0.5,""core_probability"":0.8,""peripheral_probability"":0.05}",greedy,,greedy,{},"{""schema_version"":1,""search"":{},""termination"":""completed"",""trajectory"":[]}",feasible,33,,34,0.0294117647,0.0000260000,False,False,58,0 4 9 11,,4
593d362a8a5bdcd8dc0366e9d1cb05238c6a07b8cc0c75419691511c53e8e17d,overlap,e8dec0c9ac610d3fc8c3a98383f8bba47b90e752783ffff1dc1e3c38177a007a,742191c81abfd8a962cbeb69e585c3bf53dc9afc32817cbf99f722cc912409e1,overlap,26,16941105954642047159,high_overlap,48,16,4,"{""core_fraction"":0.5,""core_probability"":0.8,""peripheral_probability"":0.05}",exact_reference,,brute_force,"{""max_set_count"":16,""time_limit_seconds"":null}","{""schema_version"":1,""search"":{},""termination"":""completed"",""trajectory"":[]}",optimal,34,34,34,0.0000000000,0.0006753000,True,False,1820,0 9 11 13,,4
593d362a8a5bdcd8dc0366e9d1cb05238c6a07b8cc0c75419691511c53e8e17d,overlap,38a472d3d5cfee79f115e0e0f68d872da8547783737d01b38e462ddf0c13ff5c,dc72a6b6ffbadb25276badcce76337c70f943862b4996e85c80ef5858638e0ef,overlap,27,16941105954642047160,high_overlap,48,16,4,"{""core_fraction"":0.5,""core_probability"":0.8,""peripheral_probability"":0.05}",greedy,,greedy,{},"{""schema_version"":1,""search"":{},""termination"":""completed"",""trajectory"":[]}",feasible,34,,34,0.0000000000,0.0000159000,False,False,58,6 8 9 10,,4
593d362a8a5bdcd8dc0366e9d1cb05238c6a07b8cc0c75419691511c53e8e17d,overlap,38a472d3d5cfee79f115e0e0f68d872da8547783737d01b38e462ddf0c13ff5c,e2fafd0e850eb24600d5067b298ed8137321374a337c27293508032911efcf9a,overlap,27,16941105954642047160,high_overlap,48,16,4,"{""core_fraction"":0.5,""core_probability"":0.8,""peripheral_probability"":0.05}",exact_reference,,brute_force,"{""max_set_count"":16,""time_limit_seconds"":null}","{""schema_version"":1,""search"":{},""termination"":""completed"",""trajectory"":[]}",optimal,34,34,34,0.0000000000,0.0006720000,True,False,1820,6 8 9 10,,4
593d362a8a5bdcd8dc0366e9d1cb05238c6a07b8cc0c75419691511c53e8e17d,overlap,c11aec739757a8a5fea07774dacb86e363a14c132d6dc6f1240b95f4ee7516c1,a765bbcc6911109c10ba7b7920daf84339214904753c095cbf6e2b0032e077ef,overlap,28,16941105954642047161,high_overlap,48,16,4,"{""core_fraction"":0.5,""core_probability"":0.8,""peripheral_probability"":0.05}",greedy,,greedy,{},"{""schema_version"":1,""search"":{},""termination"":""completed"",""trajectory"":[]}",feasible,33,,33,0.0000000000,0.0000173000,False,False,58,0 2 10 11,,4
593d362a8a5bdcd8dc0366e9d1cb05238c6a07b8cc0c75419691511c53e8e17d,overlap,c11aec739757a8a5fea07774dacb86e363a14c132d6dc6f1240b95f4ee7516c1,3bc6b4e93144306af80db09a368baada1e6d9d6fc79bb686ef99c59a4468dc7a,overlap,28,16941105954642047161,high_overlap,48,16,4,"{""core_fraction"":0.5,""core_probability"":0.8,""peripheral_probability"":0.05}",exact_reference,,brute_force,"{""max_set_count"":16,""time_limit_seconds"":null}","{""schema_version"":1,""search"":{},""termination"":""completed"",""trajectory"":[]}",optimal,33,33,33,0.0000000000,0.0007227000,True,False,1820,0 2 10 11,,4
593d362a8a5bdcd8dc0366e9d1cb05238c6a07b8cc0c75419691511c53e8e17d,overlap,df67c746a4d18cc703ad6a2f4cb1b02775d58ef4915fb0af157647b42167c29b,957e1163941ed15c4a410ef844f884eb5430767d557469be665584dc1b5993ab,overlap,29,16941105954642047162,high_overlap,48,16,4,"{""core_fraction"":0.5,""core_probability"":0.8,""peripheral_probability"":0.05}",greedy,,greedy,{},"{""schema_version"":1,""search"":{},""termination"":""completed"",""trajectory"":[]}",feasible,32,,32,0.0000000000,0.0000164000,False,False,58,0 4 10 14,,4
593d362a8a5bdcd8dc0366e9d1cb05238c6a07b8cc0c75419691511c53e8e17d,overlap,df67c746a4d18cc703ad6a2f4cb1b02775d58ef4915fb0af157647b42167c29b,5fc2ca2562b698cf7b2321ba93ec8df6870e1297b8079f9e0d4926e22d29c17b,overlap,29,16941105954642047162,high_overlap,48,16,4,"{""core_fraction"":0.5,""core_probability"":0.8,""peripheral_probability"":0.05}",exact_reference,,brute_force,"{""max_set_count"":16,""time_limit_seconds"":null}","{""schema_version"":1,""search"":{},""termination"":""completed"",""trajectory"":[]}",optimal,32,32,32,0.0000000000,0.0006542000,True,False,1820,0 4 10 14,,4
593d362a8a5bdcd8dc0366e9d1cb05238c6a07b8cc0c75419691511c53e8e17d,overlap_control,a09c34b66aa71b8293881ecadd3e2b10828a19e24bdfa0105f203c3ffdb60dd9,12fd636f0cceaa8b80c58d0c7217428957cf163ff203d7283598314a4a64e47b,overlap_control,0,16941105954642047133,uniform,48,16,4,"{""density"":0.425}",greedy,,greedy,{},"{""schema_version"":1,""search"":{},""termination"":""completed"",""trajectory"":[]}",feasible,46,,48,0.0416666667,0.0000196000,False,False,58,0 5 8 14,,4
593d362a8a5bdcd8dc0366e9d1cb05238c6a07b8cc0c75419691511c53e8e17d,overlap_control,a09c34b66aa71b8293881ecadd3e2b10828a19e24bdfa0105f203c3ffdb60dd9,f6068df0c768399e146d42f6e8d46c8a1faf2e367260c200a81c32f04da91b7f,overlap_control,0,16941105954642047133,uniform,48,16,4,"{""density"":0.425}",exact_reference,,brute_force,"{""max_set_count"":16,""time_limit_seconds"":null}","{""schema_version"":1,""search"":{},""termination"":""completed"",""trajectory"":[]}",optimal,48,48,48,0.0000000000,0.0006784000,True,False,1820,1 8 9 10,,4
593d362a8a5bdcd8dc0366e9d1cb05238c6a07b8cc0c75419691511c53e8e17d,overlap_control,f605f95c8641588bea61a29e52a2c2172490a381d959098567d6b16bb5f6be0f,387ee69139dd392e4385f24ff1b9f0a03723deb9bdb61fa3c22f61344592cea1,overlap_control,1,16941105954642047134,uniform,48,16,4,"{""density"":0.425}",greedy,,greedy,{},"{""schema_version"":1,""search"":{},""termination"":""completed"",""trajectory"":[]}",feasible,47,,48,0.0208333333,0.0000161000,False,False,58,0 6 12 15,,4
593d362a8a5bdcd8dc0366e9d1cb05238c6a07b8cc0c75419691511c53e8e17d,overlap_control,f605f95c8641588bea61a29e52a2c2172490a381d959098567d6b16bb5f6be0f,4f8b05465e718c674af62d5b3a5f01ad534dd70a22a4b9808df32f4cd60433ea,overlap_control,1,16941105954642047134,uniform,48,16,4,"{""density"":0.425}",exact_reference,,brute_force,"{""max_set_count"":16,""time_limit_seconds"":null}","{""schema_version"":1,""search"":{},""termination"":""completed"",""trajectory"":[]}",optimal,48,48,48,0.0000000000,0.0006871000,True,False,1820,1 7 9 11,,4
593d362a8a5bdcd8dc0366e9d1cb05238c6a07b8cc0c75419691511c53e8e17d,overlap_control,adef023aa611b4a54987b7897cf8cc3981565fb76ef3ab4386fbe90d3f9ba926,991faf54a7882430d2c944c171bb752971fe96b8f1198cc5af9bed16347769a1,overlap_control,2,16941105954642047135,uniform,48,16,4,"{""density"":0.425}",greedy,,greedy,{},"{""schema_version"":1,""search"":{},""termination"":""completed"",""trajectory"":[]}",feasible,46,,46,0.0000000000,0.0000162000,False,False,58,0 8 9 12,,4
593d362a8a5bdcd8dc0366e9d1cb05238c6a07b8cc0c75419691511c53e8e17d,overlap_control,adef023aa611b4a54987b7897cf8cc3981565fb76ef3ab4386fbe90d3f9ba926,bdc85fc223d5c7525f51010594b22d786642ce929f21f5af21e4e519d0ec99ba,overlap_control,2,16941105954642047135,uniform,48,16,4,"{""density"":0.425}",exact_reference,,brute_force,"{""max_set_count"":16,""time_limit_seconds"":null}","{""schema_version"":1,""search"":{},""termination"":""completed"",""trajectory"":[]}",optimal,46,46,46,0.0000000000,0.0006621000,True,False,1820,0 1 5 15,,4
593d362a8a5bdcd8dc0366e9d1cb05238c6a07b8cc0c75419691511c53e8e17d,overlap_control,c584841fc576f1648f2472b1d92048108ff4e12393c7eafbffcaf525690a4b38,fd8e076dd2f6c0b3efb2431707320af6543246860ccf821758ded2470f601421,overlap_control,3,16941105954642047136,uniform,48,16,4,"{""density"":0.425}",greedy,,greedy,{},"{""schema_version"":1,""search"":{},""termination"":""completed"",""trajectory"":[]}",feasible,47,,48,0.0208333333,0.0000161000,False,False,58,3 5 6 7,,4
593d362a8a5bdcd8dc0366e9d1cb05238c6a07b8cc0c75419691511c53e8e17d,overlap_control,c584841fc576f1648f2472b1d92048108ff4e12393c7eafbffcaf525690a4b38,8b3ee05f0ea1faddb3d0156ac2feff243bc2eb92ed15c612f0c1ae89421da1dd,overlap_control,3,16941105954642047136,uniform,48,16,4,"{""density"":0.425}",exact_reference,,brute_force,"{""max_set_count"":16,""time_limit_seconds"":null}","{""schema_version"":1,""search"":{},""termination"":""completed"",""trajectory"":[]}",optimal,48,48,48,0.0000000000,0.0006749000,True,False,1820,5 7 8 10,,4
593d362a8a5bdcd8dc0366e9d1cb05238c6a07b8cc0c75419691511c53e8e17d,overlap_control,1c691bb8cb1d3846acd861a1a2f28ed47da363130e9ed1bcc9f1f8943329bd77,c1f7e11205139b2f4121c807969105ca61f3d4d8f0d3c07ed43352c91a41d2dc,overlap_control,4,16941105954642047137,uniform,48,16,4,"{""density"":0.425}",greedy,,greedy,{},"{""schema_version"":1,""search"":{},""termination"":""completed"",""trajectory"":[]}",feasible,47,,48,0.0208333333,0.0000177000,False,False,58,0 3 6 7,,4
593d362a8a5bdcd8dc0366e9d1cb05238c6a07b8cc0c75419691511c53e8e17d,overlap_control,1c691bb8cb1d3846acd861a1a2f28ed47da363130e9ed1bcc9f1f8943329bd77,9dc1006a5af9316c00386e53b3b3471151bd79b5d39bbd7804273f9b46dae771,overlap_control,4,16941105954642047137,uniform,48,16,4,"{""density"":0.425}",exact_reference,,brute_force,"{""max_set_count"":16,""time_limit_seconds"":null}","{""schema_version"":1,""search"":{},""termination"":""completed"",""trajectory"":[]}",optimal,48,48,48,0.0000000000,0.0006730000,True,False,1820,2 3 6 10,,4
593d362a8a5bdcd8dc0366e9d1cb05238c6a07b8cc0c75419691511c53e8e17d,overlap_control,0c90388243a099057a60d2a6ea29c7af7f41959f738addbd5d3d1241a50891c8,be04e8280d94250732d9616a11f1011650004d3a24cc77ebe661fca7a8ce9d07,overlap_control,5,16941105954642047138,uniform,48,16,4,"{""density"":0.425}",greedy,,greedy,{},"{""schema_version"":1,""search"":{},""termination"":""completed"",""trajectory"":[]}",feasible,48,,48,0.0000000000,0.0000165000,False,False,58,1 7 9 13,,4
593d362a8a5bdcd8dc0366e9d1cb05238c6a07b8cc0c75419691511c53e8e17d,overlap_control,0c90388243a099057a60d2a6ea29c7af7f41959f738addbd5d3d1241a50891c8,d11b3ec2be6e9c56e4cbb199362ca9f3b570da40cfa703a6ae491020d25bd8f5,overlap_control,5,16941105954642047138,uniform,48,16,4,"{""density"":0.425}",exact_reference,,brute_force,"{""max_set_count"":16,""time_limit_seconds"":null}","{""schema_version"":1,""search"":{},""termination"":""completed"",""trajectory"":[]}",optimal,48,48,48,0.0000000000,0.0006892000,True,False,1820,0 1 3 13,,4
593d362a8a5bdcd8dc0366e9d1cb05238c6a07b8cc0c75419691511c53e8e17d,overlap_control,16019fba3fa1d3378da2191ce2d33e3554ec55aba327b062f4986b00e83508f2,51b4d5eea2daef6112a3947437b16c3f81827d2b46e0e3e94a0824d9650fd937,overlap_control,6,16941105954642047139,uniform,48,16,4,"{""density"":0.425}",greedy,,greedy,{},"{""schema_version"":1,""search"":{},""termination"":""completed"",""trajectory"":[]}",feasible,48,,48,0.0000000000,0.0000167000,False,False,58,1 6 7 11,,4
593d362a8a5bdcd8dc0366e9d1cb05238c6a07b8cc0c75419691511c53e8e17d,overlap_control,16019fba3fa1d3378da2191ce2d33e3554ec55aba327b062f4986b00e83508f2,00509386a6b6c5db9c81736a5d880f74d2aaa01fde794deb7e5115cdc87e5943,overlap_control,6,16941105954642047139,uniform,48,16,4,"{""density"":0.425}",exact_reference,,brute_force,"{""max_set_count"":16,""time_limit_seconds"":null}","{""schema_version"":1,""search"":{},""termination"":""completed"",""trajectory"":[]}",optimal,48,48,48,0.0000000000,0.0007736000,True,False,1820,0 1 2 11,,4
593d362a8a5bdcd8dc0366e9d1cb05238c6a07b8cc0c75419691511c53e8e17d,overlap_control,ba9895990e3a322b4da13d00898ace713773630803cae54d27fef4a759c9566f,e93979379baad2c860df87ed49ae64ce2f3274a7e9ce3a3439aca0a15d5c9f2a,overlap_control,7,16941105954642047140,uniform,48,16,4,"{""density"":0.425}",greedy,,greedy,{},"{""schema_version"":1,""search"":{},""termination"":""completed"",""trajectory"":[]}",feasible,48,,48,0.0000000000,0.0000164000,False,False,58,0 2 6 9,,4
593d362a8a5bdcd8dc0366e9d1cb05238c6a07b8cc0c75419691511c53e8e17d,overlap_control,ba9895990e3a322b4da13d00898ace713773630803cae54d27fef4a759c9566f,0954a27ea1e7e5a91d29de04bc5d066adee1bf4e8cdd5b8f6cf05378ffad683a,overlap_control,7,16941105954642047140,uniform,48,16,4,"{""density"":0.425}",exact_reference,,brute_force,"{""max_set_count"":16,""time_limit_seconds"":null}","{""schema_version"":1,""search"":{},""termination"":""completed"",""trajectory"":[]}",optimal,48,48,48,0.0000000000,0.0006772000,True,False,1820,0 2 5 10,,4
593d362a8a5bdcd8dc0366e9d1cb05238c6a07b8cc0c75419691511c53e8e17d,overlap_control,8f1a406694a849ad32c641237e83de5be58775677007e8d5b8f8cbf6c8d46a1c,717249f6eca4928ec406fcfdecf7d5dc72d777eb888df38d8049c1d5481a90dd,overlap_control,8,16941105954642047141,uniform,48,16,4,"{""density"":0.425}",greedy,,greedy,{},"{""schema_version"":1,""search"":{},""termination"":""completed"",""trajectory"":[]}",feasible,47,,48,0.0208333333,0.0000159000,False,False,58,0 1 2 4,,4
593d362a8a5bdcd8dc0366e9d1cb05238c6a07b8cc0c75419691511c53e8e17d,overlap_control,8f1a406694a849ad32c641237e83de5be58775677007e8d5b8f8cbf6c8d46a1c,12b7edd2cd696184f62ce3cd3a9dd6f08b9833915cbd6b3111f8a9c08e198ccb,overlap_control,8,16941105954642047141,uniform,48,16,4,"{""density"":0.425}",exact_reference,,brute_force,"{""max_set_count"":16,""time_limit_seconds"":null}","{""schema_version"":1,""search"":{},""termination"":""completed"",""trajectory"":[]}",optimal,48,48,48,0.0000000000,0.0006541000,True,False,1820,1 2 7 11,,4
593d362a8a5bdcd8dc0366e9d1cb05238c6a07b8cc0c75419691511c53e8e17d,overlap_control,964e90efb8499d7a8532a00bcf62b0f0bc1b1a898670ae6d5b4b022b8e465d2f,7b9fa9a8574f13635ad38c096d4213c16bc1b24ad52938a2f4a87be202595d72,overlap_control,9,16941105954642047142,uniform,48,16,4,"{""density"":0.425}",greedy,,greedy,{},"{""schema_version"":1,""search"":{},""termination"":""completed"",""trajectory"":[]}",feasible,48,,48,0.0000000000,0.0000252000,False,False,58,3 4 5 8,,4
593d362a8a5bdcd8dc0366e9d1cb05238c6a07b8cc0c75419691511c53e8e17d,overlap_control,964e90efb8499d7a8532a00bcf62b0f0bc1b1a898670ae6d5b4b022b8e465d2f,d570e5051b1cf97823465a33437c7dd80777f01b7c34d255776095755c6df308,overlap_control,9,16941105954642047142,uniform,48,16,4,"{""density"":0.425}",exact_reference,,brute_force,"{""max_set_count"":16,""time_limit_seconds"":null}","{""schema_version"":1,""search"":{},""termination"":""completed"",""trajectory"":[]}",optimal,48,48,48,0.0000000000,0.0006565000,True,False,1820,3 4 5 8,,4
593d362a8a5bdcd8dc0366e9d1cb05238c6a07b8cc0c75419691511c53e8e17d,overlap_control,877cd1c7d11b66b352ef7f72ad8ba1f08db0e66687fa5b86a109764a9ebbeb48,413d26d4b4cd6d92aec5fc0ad38b3ba7e3a7a9527cc7da9328bb64c130500d08,overlap_control,10,16941105954642047143,uniform,48,16,4,"{""density"":0.425}",greedy,,greedy,{},"{""schema_version"":1,""search"":{},""termination"":""completed"",""trajectory"":[]}",feasible,48,,48,0.0000000000,0.0000169000,False,False,58,0 1 3 4,,4
593d362a8a5bdcd8dc0366e9d1cb05238c6a07b8cc0c75419691511c53e8e17d,overlap_control,877cd1c7d11b66b352ef7f72ad8ba1f08db0e66687fa5b86a109764a9ebbeb48,5c726f6dab1b2bdc8cdcb4718b82ba41a92e31fab9fafdc1be44e725b6457052,overlap_control,10,16941105954642047143,uniform,48,16,4,"{""density"":0.425}",exact_reference,,brute_force,"{""max_set_count"":16,""time_limit_seconds"":null}","{""schema_version"":1,""search"":{},""termination"":""completed"",""trajectory"":[]}",optimal,48,48,48,0.0000000000,0.0006783000,True,False,1820,0 1 3 4,,4
593d362a8a5bdcd8dc0366e9d1cb05238c6a07b8cc0c75419691511c53e8e17d,overlap_control,ce66a719f5bd81c704fa6b052ef79fdc7e8f22754c5a7c3d958af8ce3414c1d1,30299c73b58b41b57b0f693cc3f30ea5f386e5aaf8bcf571c668885aea20d8fe,overlap_control,11,16941105954642047144,uniform,48,16,4,"{""density"":0.425}",greedy,,greedy,{},"{""schema_version"":1,""search"":{},""termination"":""completed"",""trajectory"":[]}",feasible,48,,48,0.0000000000,0.0000186000,False,False,58,1 5 10 11,,4
593d362a8a5bdcd8dc0366e9d1cb05238c6a07b8cc0c75419691511c53e8e17d,overlap_control,ce66a719f5bd81c704fa6b052ef79fdc7e8f22754c5a7c3d958af8ce3414c1d1,c8efd3e7285f540ccaf440cc33db261d169eef9702f4c01a25069f63198b236f,overlap_control,11,16941105954642047144,uniform,48,16,4,"{""density"":0.425}",exact_reference,,brute_force,"{""max_set_count"":16,""time_limit_seconds"":null}","{""schema_version"":1,""search"":{},""termination"":""completed"",""trajectory"":[]}",optimal,48,48,48,0.0000000000,0.0006768000,True,False,1820,0 1 5 9,,4
593d362a8a5bdcd8dc0366e9d1cb05238c6a07b8cc0c75419691511c53e8e17d,overlap_control,8c2e5ee993efa4a942e4e63ed6be07cc2dd05a036a50e3019100e612df111514,2e4e6d886e475fe20d64f211c16a44f20ec97add23de94ccc92be06213b70be1,overlap_control,12,16941105954642047145,uniform,48,16,4,"{""density"":0.425}",greedy,,greedy,{},"{""schema_version"":1,""search"":{},""termination"":""completed"",""trajectory"":[]}",feasible,48,,48,0.0000000000,0.0000218000,False,False,58,0 1 5 14,,4
593d362a8a5bdcd8dc0366e9d1cb05238c6a07b8cc0c75419691511c53e8e17d,overlap_control,8c2e5ee993efa4a942e4e63ed6be07cc2dd05a036a50e3019100e612df111514,bb2ca37eb59110bfbf61625db7f88814ee77b1f02a867c4705c585ecc1d33621,overlap_control,12,16941105954642047145,uniform,48,16,4,"{""density"":0.425}",exact_reference,,brute_force,"{""max_set_count"":16,""time_limit_seconds"":null}","{""schema_version"":1,""search"":{},""termination"":""completed"",""trajectory"":[]}",optimal,48,48,48,0.0000000000,0.0006723000,True,False,1820,0 1 4 5,,4
593d362a8a5bdcd8dc0366e9d1cb05238c6a07b8cc0c75419691511c53e8e17d,overlap_control,9fd4ef799456aff8334019d6c48c07635266692a13320a3fe1d2c9c74b6e9b56,6c696b28581a2dbc11d3cf1aa1c5cadbd9a5b9a519fb17619d7ec090363fc61d,overlap_control,13,16941105954642047146,uniform,48,16,4,"{""density"":0.425}",greedy,,greedy,{},"{""schema_version"":1,""search"":{},""termination"":""completed"",""trajectory"":[]}",feasible,48,,48,0.0000000000,0.0000160000,False,False,58,1 6 9 12,,4
593d362a8a5bdcd8dc0366e9d1cb05238c6a07b8cc0c75419691511c53e8e17d,overlap_control,9fd4ef799456aff8334019d6c48c07635266692a13320a3fe1d2c9c74b6e9b56,91ad745805102a1c893bba6c054fd07e916ffa8df5352407cbf668995b4ef5b6,overlap_control,13,16941105954642047146,uniform,48,16,4,"{""density"":0.425}",exact_reference,,brute_force,"{""max_set_count"":16,""time_limit_seconds"":null}","{""schema_version"":1,""search"":{},""termination"":""completed"",""trajectory"":[]}",optimal,48,48,48,0.0000000000,0.0006966000,True,False,1820,1 6 9 12,,4
593d362a8a5bdcd8dc0366e9d1cb05238c6a07b8cc0c75419691511c53e8e17d,overlap_control,c30d9a2d05ee2d7cabdbf84a8e7d7cdf2021beac465bc360c46fce662f817bef,585551cd6450668807cf5a0126debb28aba87f759540489f7b91e66cc3ae845b,overlap_control,14,16941105954642047147,uniform,48,16,4,"{""density"":0.425}",greedy,,greedy,{},"{""schema_version"":1,""search"":{},""termination"":""completed"",""trajectory"":[]}",feasible,48,,48,0.0000000000,0.0000170000,False,False,58,6 7 11 14,,4
593d362a8a5bdcd8dc0366e9d1cb05238c6a07b8cc0c75419691511c53e8e17d,overlap_control,c30d9a2d05ee2d7cabdbf84a8e7d7cdf2021beac465bc360c46fce662f817bef,22b50265f3d1f23fbf9f0803a7e1358795e265034da112a92b26b0925232a24a,overlap_control,14,16941105954642047147,uniform,48,16,4,"{""density"":0.425}",exact_reference,,brute_force,"{""max_set_count"":16,""time_limit_seconds"":null}","{""schema_version"":1,""search"":{},""termination"":""completed"",""trajectory"":[]}",optimal,48,48,48,0.0000000000,0.0006690000,True,False,1820,0 2 4 9,,4
593d362a8a5bdcd8dc0366e9d1cb05238c6a07b8cc0c75419691511c53e8e17d,overlap_control,91f41fdf2ac2721f3cde308da50b8076ebb3ab7b0e99bc95972570cb3106b4ea,3594a872bcf22aecc767b9d07e297e1625d698d0cb6320904849cf739ad9ed35,overlap_control,15,16941105954642047148,uniform,48,16,4,"{""density"":0.425}",greedy,,greedy,{},"{""schema_version"":1,""search"":{},""termination"":""completed"",""trajectory"":[]}",feasible,48,,48,0.0000000000,0.0000166000,False,False,58,4 5 10 15,,4
593d362a8a5bdcd8dc0366e9d1cb05238c6a07b8cc0c75419691511c53e8e17d,overlap_control,91f41fdf2ac2721f3cde308da50b8076ebb3ab7b0e99bc95972570cb3106b4ea,c1731968da3a3d1fab060e4da0a292ff2235f13395c8626b0c69f7dba654ec78,overlap_control,15,16941105954642047148,uniform,48,16,4,"{""density"":0.425}",exact_reference,,brute_force,"{""max_set_count"":16,""time_limit_seconds"":null}","{""schema_version"":1,""search"":{},""termination"":""completed"",""trajectory"":[]}",optimal,48,48,48,0.0000000000,0.0006802000,True,False,1820,0 3 6 8,,4
593d362a8a5bdcd8dc0366e9d1cb05238c6a07b8cc0c75419691511c53e8e17d,overlap_control,761339b7106565ffa341e6ef9526d83e7b74cdfe57d264a6f73557de6f1678b1,5afabab5be2f96058d57928b2a65bd059740f849dae345c9160b6fc6062588b0,overlap_control,16,16941105954642047149,uniform,48,16,4,"{""density"":0.425}",greedy,,greedy,{},"{""schema_version"":1,""search"":{},""termination"":""completed"",""trajectory"":[]}",feasible,47,,48,0.0208333333,0.0000164000,False,False,58,1 3 7 14,,4
593d362a8a5bdcd8dc0366e9d1cb05238c6a07b8cc0c75419691511c53e8e17d,overlap_control,761339b7106565ffa341e6ef9526d83e7b74cdfe57d264a6f73557de6f1678b1,d053ad6433bd01aa1deae63b5c63da03190e8272190dcb413b616db968455e4f,overlap_control,16,16941105954642047149,uniform,48,16,4,"{""density"":0.425}",exact_reference,,brute_force,"{""max_set_count"":16,""time_limit_seconds"":null}","{""schema_version"":1,""search"":{},""termination"":""completed"",""trajectory"":[]}",optimal,48,48,48,0.0000000000,0.0006678000,True,False,1820,4 7 8 10,,4
593d362a8a5bdcd8dc0366e9d1cb05238c6a07b8cc0c75419691511c53e8e17d,overlap_control,bfb7c37422748eaf7b45da0af2722431a8784ad2e56ab495ed2635d766c74cd9,c917d9a9f5cbf8716fd094f90fa71f2ab2abae3ec8d613bffb07ee6019bcdd03,overlap_control,17,16941105954642047150,uniform,48,16,4,"{""density"":0.425}",greedy,,greedy,{},"{""schema_version"":1,""search"":{},""termination"":""completed"",""trajectory"":[]}",feasible,48,,48,0.0000000000,0.0000162000,False,False,58,0 1 7 12,,4
593d362a8a5bdcd8dc0366e9d1cb05238c6a07b8cc0c75419691511c53e8e17d,overlap_control,bfb7c37422748eaf7b45da0af2722431a8784ad2e56ab495ed2635d766c74cd9,b0ffe2b16fd78f803da67aaa624712cd210b2bf34c1bcc7bf23173f4972370b9,overlap_control,17,16941105954642047150,uniform,48,16,4,"{""density"":0.425}",exact_reference,,brute_force,"{""max_set_count"":16,""time_limit_seconds"":null}","{""schema_version"":1,""search"":{},""termination"":""completed"",""trajectory"":[]}",optimal,48,48,48,0.0000000000,0.0006887000,True,False,1820,0 1 7 12,,4
593d362a8a5bdcd8dc0366e9d1cb05238c6a07b8cc0c75419691511c53e8e17d,overlap_control,79b14664b544fc4f174b1ed3e9cc6be721c48381ce05ee49ad961ea91640e3bf,019f2f625e24a135038e07521c0fa6de7f1b791cb067bc3025b59e33a4a2fc67,overlap_control,18,16941105954642047151,uniform,48,16,4,"{""density"":0.425}",greedy,,greedy,{},"{""schema_version"":1,""search"":{},""termination"":""completed"",""trajectory"":[]}",feasible,47,,48,0.0208333333,0.0000214000,False,False,58,0 4 11 13,,4
593d362a8a5bdcd8dc0366e9d1cb05238c6a07b8cc0c75419691511c53e8e17d,overlap_control,79b14664b544fc4f174b1ed3e9cc6be721c48381ce05ee49ad961ea91640e3bf,90b184ecfa7d220ffb12a969121f4bc4bc51feda4e0936ded0e1bf7b7445d3cd,overlap_control,18,16941105954642047151,uniform,48,16,4,"{""density"":0.425}",exact_reference,,brute_force,"{""max_set_count"":16,""time_limit_seconds"":null}","{""schema_version"":1,""search"":{},""termination"":""completed"",""trajectory"":[]}",optimal,48,48,48,0.0000000000,0.0006896000,True,False,1820,1 4 6 10,,4
593d362a8a5bdcd8dc0366e9d1cb05238c6a07b8cc0c75419691511c53e8e17d,overlap_control,3800e6a0173a04c2846b8a6b1132886b262f35947364f584e6fa4a31c00a08fe,2d9d7d52f2650941f05caace6c7c950ef88bd399609effd27cc9eb7762ea712a,overlap_control,19,16941105954642047152,uniform,48,16,4,"{""density"":0.425}",greedy,,greedy,{},"{""schema_version"":1,""search"":{},""termination"":""completed"",""trajectory"":[]}",feasible,48,,48,0.0000000000,0.0000177000,False,False,58,0 4 8 10,,4
593d362a8a5bdcd8dc0366e9d1cb05238c6a07b8cc0c75419691511c53e8e17d,overlap_control,3800e6a0173a04c2846b8a6b1132886b262f35947364f584e6fa4a31c00a08fe,e0b4e6f7b8a14c77ae6c7b863bfcdfd595766ea8fad9f042a1d017478922c6e5,overlap_control,19,16941105954642047152,uniform,48,16,4,"{""density"":0.425}",exact_reference,,brute_force,"{""max_set_count"":16,""time_limit_seconds"":null}","{""schema_version"":1,""search"":{},""termination"":""completed"",""trajectory"":[]}",optimal,48,48,48,0.0000000000,0.0006922000,True,False,1820,0 4 8 10,,4
593d362a8a5bdcd8dc0366e9d1cb05238c6a07b8cc0c75419691511c53e8e17d,overlap_control,7f641e6fb16260633a1f0307736dd12d96db8956e151bd10ab37790f3626d9f3,bcdd52cfcc26ea745f8933e681fc5e941c1f3e46152853b259f5f91e6d924f99,overlap_control,20,16941105954642047153,uniform,48,16,4,"{""density"":0.425}",greedy,,greedy,{},"{""schema_version"":1,""search"":{},""termination"":""completed"",""trajectory"":[]}",feasible,47,,47,0.0000000000,0.0000173000,False,False,58,0 2 7 11,,4
593d362a8a5bdcd8dc0366e9d1cb05238c6a07b8cc0c75419691511c53e8e17d,overlap_control,7f641e6fb16260633a1f0307736dd12d96db8956e151bd10ab37790f3626d9f3,f5341fa41dc8f79dfe5ab2b6d6ec8b9f116a439b22f388ff1743bb8360cde160,overlap_control,20,16941105954642047153,uniform,48,16,4,"{""density"":0.425}",exact_reference,,brute_force,"{""max_set_count"":16,""time_limit_seconds"":null}","{""schema_version"":1,""search"":{},""termination"":""completed"",""trajectory"":[]}",optimal,47,47,47,0.0000000000,0.0006710000,True,False,1820,0 2 6 7,,4
593d362a8a5bdcd8dc0366e9d1cb05238c6a07b8cc0c75419691511c53e8e17d,overlap_control,d8e405ff6ec97b26811e11327cfd6fbf3d6c173e1eb89894d3624b1d6a4655a1,1d3eb60c25eaff9e53fa5a6de61cd3b2d798314b765aa3bb0c812ebe57fe5c6e,overlap_control,21,16941105954642047154,uniform,48,16,4,"{""density"":0.425}",greedy,,greedy,{},"{""schema_version"":1,""search"":{},""termination"":""completed"",""trajectory"":[]}",feasible,46,,47,0.0212765957,0.0000164000,False,False,58,0 1 3 6,,4
593d362a8a5bdcd8dc0366e9d1cb05238c6a07b8cc0c75419691511c53e8e17d,overlap_control,d8e405ff6ec97b26811e11327cfd6fbf3d6c173e1eb89894d3624b1d6a4655a1,d7dccad4425dc4cc43cbdfffef333fd49e884f12e6e96bb59bd66b548e456a55,overlap_control,21,16941105954642047154,uniform,48,16,4,"{""density"":0.425}",exact_reference,,brute_force,"{""max_set_count"":16,""time_limit_seconds"":null}","{""schema_version"":1,""search"":{},""termination"":""completed"",""trajectory"":[]}",optimal,47,47,47,0.0000000000,0.0006773000,True,False,1820,0 1 10 13,,4
593d362a8a5bdcd8dc0366e9d1cb05238c6a07b8cc0c75419691511c53e8e17d,overlap_control,23fc168f4bd5406de935683ceb3fd3f210f8f597899c864a1723e37f1d7ed765,0e802e5338f6761c7156c84cc2e32c00fda26e1d985dcde598f4a4017d691fff,overlap_control,22,16941105954642047155,uniform,48,16,4,"{""density"":0.425}",greedy,,greedy,{},"{""schema_version"":1,""search"":{},""termination"":""completed"",""trajectory"":[]}",feasible,47,,48,0.0208333333,0.0000176000,False,False,58,2 3 5 13,,4
593d362a8a5bdcd8dc0366e9d1cb05238c6a07b8cc0c75419691511c53e8e17d,overlap_control,23fc168f4bd5406de935683ceb3fd3f210f8f597899c864a1723e37f1d7ed765,3251f3c216288f7b983adbbd5de0803a48766d1a189f7d0f8e052db60a1483bd,overlap_control,22,16941105954642047155,uniform,48,16,4,"{""density"":0.425}",exact_reference,,brute_force,"{""max_set_count"":16,""time_limit_seconds"":null}","{""schema_version"":1,""search"":{},""termination"":""completed"",""trajectory"":[]}",optimal,48,48,48,0.0000000000,0.0006815000,True,False,1820,0 2 9 11,,4
593d362a8a5bdcd8dc0366e9d1cb05238c6a07b8cc0c75419691511c53e8e17d,overlap_control,6535c24452fd224fe455f971ed192e1715136842f59ec429774a1faf483c4cbd,826c2f1ba7848edc49e6c71e9aa930b31c354d21c5b004d5c55b289757cd0c73,overlap_control,23,16941105954642047156,uniform,48,16,4,"{""density"":0.425}",greedy,,greedy,{},"{""schema_version"":1,""search"":{},""termination"":""completed"",""trajectory"":[]}",feasible,48,,48,0.0000000000,0.0000175000,False,False,58,0 3 6 8,,4
593d362a8a5bdcd8dc0366e9d1cb05238c6a07b8cc0c75419691511c53e8e17d,overlap_control,6535c24452fd224fe455f971ed192e1715136842f59ec429774a1faf483c4cbd,b17ffb1de0754393f81e764700f70cd2d9e10bf10ab894ffe43bb60edaf22df8,overlap_control,23,16941105954642047156,uniform,48,16,4,"{""density"":0.425}",exact_reference,,brute_force,"{""max_set_count"":16,""time_limit_seconds"":null}","{""schema_version"":1,""search"":{},""termination"":""completed"",""trajectory"":[]}",optimal,48,48,48,0.0000000000,0.0006849000,True,False,1820,0 3 6 8,,4
593d362a8a5bdcd8dc0366e9d1cb05238c6a07b8cc0c75419691511c53e8e17d,overlap_control,e0abe923771966c283e8f3d7de2ccd2460ae981a6e68519995ac2bdb1257eee5,55d1b07551f9ddd016ed53a82caeb22befb15350980a3d64068182ba0ffb12a2,overlap_control,24,16941105954642047157,uniform,48,16,4,"{""density"":0.425}",greedy,,greedy,{},"{""schema_version"":1,""search"":{},""termination"":""completed"",""trajectory"":[]}",feasible,48,,48,0.0000000000,0.0000166000,False,False,58,1 2 7 9,,4
593d362a8a5bdcd8dc0366e9d1cb05238c6a07b8cc0c75419691511c53e8e17d,overlap_control,e0abe923771966c283e8f3d7de2ccd2460ae981a6e68519995ac2bdb1257eee5,5eadcdedd08d27b87194d84a2fe2f71775af08684273fc9bf032a6d6016c58a7,overlap_control,24,16941105954642047157,uniform,48,16,4,"{""density"":0.425}",exact_reference,,brute_force,"{""max_set_count"":16,""time_limit_seconds"":null}","{""schema_version"":1,""search"":{},""termination"":""completed"",""trajectory"":[]}",optimal,48,48,48,0.0000000000,0.0006868000,True,False,1820,1 2 7 9,,4
593d362a8a5bdcd8dc0366e9d1cb05238c6a07b8cc0c75419691511c53e8e17d,overlap_control,ddbd8b6b78a67ac867f7f28fde498c68cf165044326f65e88c0e6ab6021f3e55,6b054eb2c5d4e63e1dec77b32421f67081cffa3a5849c2ab4cc43aed1ed02d48,overlap_control,25,16941105954642047158,uniform,48,16,4,"{""density"":0.425}",greedy,,greedy,{},"{""schema_version"":1,""search"":{},""termination"":""completed"",""trajectory"":[]}",feasible,48,,48,0.0000000000,0.0000160000,False,False,58,2 3 9 13,,4
593d362a8a5bdcd8dc0366e9d1cb05238c6a07b8cc0c75419691511c53e8e17d,overlap_control,ddbd8b6b78a67ac867f7f28fde498c68cf165044326f65e88c0e6ab6021f3e55,aef798650e0b17108740f7fd5336629ac2f700e43e53b0214c0afb933cc369a6,overlap_control,25,16941105954642047158,uniform,48,16,4,"{""density"":0.425}",exact_reference,,brute_force,"{""max_set_count"":16,""time_limit_seconds"":null}","{""schema_version"":1,""search"":{},""termination"":""completed"",""trajectory"":[]}",optimal,48,48,48,0.0000000000,0.0006758000,True,False,1820,2 3 9 13,,4
593d362a8a5bdcd8dc0366e9d1cb05238c6a07b8cc0c75419691511c53e8e17d,overlap_control,d24d0fa94d38b49a32d81d64f9f520cfc199d5da256f65da539c4946c8a420d3,66112dc043e6de383fb5315e8106f713040bb16536c3f0def4ba1422084dc5a8,overlap_control,26,16941105954642047159,uniform,48,16,4,"{""density"":0.425}",greedy,,greedy,{},"{""schema_version"":1,""search"":{},""termination"":""completed"",""trajectory"":[]}",feasible,48,,48,0.0000000000,0.0000168000,False,False,58,3 4 6 14,,4
593d362a8a5bdcd8dc0366e9d1cb05238c6a07b8cc0c75419691511c53e8e17d,overlap_control,d24d0fa94d38b49a32d81d64f9f520cfc199d5da256f65da539c4946c8a420d3,3f32d8b865985843ad1a4125fcdd2c48370f095944b19fbfd14b17339aea2e29,overlap_control,26,16941105954642047159,uniform,48,16,4,"{""density"":0.425}",exact_reference,,brute_force,"{""max_set_count"":16,""time_limit_seconds"":null}","{""schema_version"":1,""search"":{},""termination"":""completed"",""trajectory"":[]}",optimal,48,48,48,0.0000000000,0.0006783000,True,False,1820,1 2 5 8,,4
593d362a8a5bdcd8dc0366e9d1cb05238c6a07b8cc0c75419691511c53e8e17d,overlap_control,01ce288add3431d096694c500e9cf08d438788e22bab1eee0638317fbd1bb115,12b669e85c60d676095ce5fb5f51544e2e13225063b6f8698942554026904f99,overlap_control,27,16941105954642047160,uniform,48,16,4,"{""density"":0.425}",greedy,,greedy,{},"{""schema_version"":1,""search"":{},""termination"":""completed"",""trajectory"":[]}",feasible,47,,48,0.0208333333,0.0000186000,False,False,58,4 6 8 14,,4
593d362a8a5bdcd8dc0366e9d1cb05238c6a07b8cc0c75419691511c53e8e17d,overlap_control,01ce288add3431d096694c500e9cf08d438788e22bab1eee0638317fbd1bb115,6749a0ac46f511ef7b3f67820547696b20788daef559cd31e71a313464fee0df,overlap_control,27,16941105954642047160,uniform,48,16,4,"{""density"":0.425}",exact_reference,,brute_force,"{""max_set_count"":16,""time_limit_seconds"":null}","{""schema_version"":1,""search"":{},""termination"":""completed"",""trajectory"":[]}",optimal,48,48,48,0.0000000000,0.0006869000,True,False,1820,6 8 9 15,,4
593d362a8a5bdcd8dc0366e9d1cb05238c6a07b8cc0c75419691511c53e8e17d,overlap_control,6baae96ed6dcc9e9d6899c3753466542c059a8fa12133c6fc496401e7c1f3787,2f4c0a60664bb2a60704f2b1d32c7ecad835245e6c1a55a1506b823a3c54ad86,overlap_control,28,16941105954642047161,uniform,48,16,4,"{""density"":0.425}",greedy,,greedy,{},"{""schema_version"":1,""search"":{},""termination"":""completed"",""trajectory"":[]}",feasible,48,,48,0.0000000000,0.0000235000,False,False,58,0 4 9 14,,4
593d362a8a5bdcd8dc0366e9d1cb05238c6a07b8cc0c75419691511c53e8e17d,overlap_control,6baae96ed6dcc9e9d6899c3753466542c059a8fa12133c6fc496401e7c1f3787,405616477cf90d46a1c8b0aefe856eb905e0629d60ba8b3cbad6f6d46a8ec300,overlap_control,28,16941105954642047161,uniform,48,16,4,"{""density"":0.425}",exact_reference,,brute_force,"{""max_set_count"":16,""time_limit_seconds"":null}","{""schema_version"":1,""search"":{},""termination"":""completed"",""trajectory"":[]}",optimal,48,48,48,0.0000000000,0.0007038000,True,False,1820,0 2 3 9,,4
593d362a8a5bdcd8dc0366e9d1cb05238c6a07b8cc0c75419691511c53e8e17d,overlap_control,d7c44aeacb9eb2106506f7e4c1ce3bc39a67044353df112097cd13eb4640afc7,f577c0e5892856009645bd9d03158c4f094ebe64d24258b5ec47f8ad37f79929,overlap_control,29,16941105954642047162,uniform,48,16,4,"{""density"":0.425}",greedy,,greedy,{},"{""schema_version"":1,""search"":{},""termination"":""completed"",""trajectory"":[]}",feasible,48,,48,0.0000000000,0.0000199000,False,False,58,0 1 3 10,,4
593d362a8a5bdcd8dc0366e9d1cb05238c6a07b8cc0c75419691511c53e8e17d,overlap_control,d7c44aeacb9eb2106506f7e4c1ce3bc39a67044353df112097cd13eb4640afc7,90b6b56f7badaaff9921efffb4bb82f0b06cf0a15a890cef3ddf9eaeb2b8bc52,overlap_control,29,16941105954642047162,uniform,48,16,4,"{""density"":0.425}",exact_reference,,brute_force,"{""max_set_count"":16,""time_limit_seconds"":null}","{""schema_version"":1,""search"":{},""termination"":""completed"",""trajectory"":[]}",optimal,48,48,48,0.0000000000,0.0006827000,True,False,1820,0 1 3 10,,4
